Checking for new versions...

Getting ready...
Ready! You are using Stripe API Version [2026-03-25.dahlia]. Your webhook signing secret is [REDACTED_WHSEC] (^C to quit)

Checking for new versions...

Getting ready...
Ready! You are using Stripe API Version [2026-03-25.dahlia]. Your webhook signing secret is [REDACTED_WHSEC] (^C to quit)
Checking for new versions...

Getting ready...
Ready! You are using Stripe API Version [2026-03-25.dahlia]. Your webhook signing secret is [REDACTED_WHSEC] (^C to quit)

Checking for new versions...

Getting ready...
Ready! You are using Stripe API Version [2026-03-25.dahlia]. Your webhook signing secret is [REDACTED_WHSEC] (^C to quit)

Checking for new versions...

Getting ready...
Ready! You are using Stripe API Version [2026-03-25.dahlia]. Your webhook signing secret is [REDACTED_WHSEC] (^C to quit)
2026-05-17 13:36:45   --> invoice.payment_succeeded [evt_1TY8cLResCaCdPO64RgKrBxQ]
2026-05-17 13:36:45  <--  [200] POST http://localhost:8500/fpw/api/v1/stripeWebhook.cfc?method=handle [evt_1TY8cLResCaCdPO64RgKrBxQ]
2026-05-17 13:36:46   --> invoice.created [evt_1TY8cLResCaCdPO6MDs0Jx16]
2026-05-17 13:36:46   --> checkout.session.completed [evt_1TY8cLResCaCdPO6DP8SbV4P]
2026-05-17 13:36:46  <--  [200] POST http://localhost:8500/fpw/api/v1/stripeWebhook.cfc?method=handle [evt_1TY8cLResCaCdPO6MDs0Jx16]
2026-05-17 13:36:46  <--  [200] POST http://localhost:8500/fpw/api/v1/stripeWebhook.cfc?method=handle [evt_1TY8cLResCaCdPO6DP8SbV4P]
2026-05-17 13:36:46   --> invoice.finalized [evt_1TY8cMResCaCdPO66tdFN0GL]
2026-05-17 13:36:46  <--  [200] POST http://localhost:8500/fpw/api/v1/stripeWebhook.cfc?method=handle [evt_1TY8cMResCaCdPO66tdFN0GL]
2026-05-17 13:36:46   --> invoice.paid [evt_1TY8cMResCaCdPO6yCwQvYDJ]
2026-05-17 13:36:46  <--  [200] POST http://localhost:8500/fpw/api/v1/stripeWebhook.cfc?method=handle [evt_1TY8cMResCaCdPO6yCwQvYDJ]
2026-05-17 13:36:46   --> customer.created [evt_1TY8cMResCaCdPO6mxsP4icx]
2026-05-17 13:36:46  <--  [200] POST http://localhost:8500/fpw/api/v1/stripeWebhook.cfc?method=handle [evt_1TY8cMResCaCdPO6mxsP4icx]
2026-05-17 13:36:46   --> customer.updated [evt_1TY8cMResCaCdPO63M6KGpzS]
2026-05-17 13:36:46  <--  [200] POST http://localhost:8500/fpw/api/v1/stripeWebhook.cfc?method=handle [evt_1TY8cMResCaCdPO63M6KGpzS]
2026-05-17 13:36:46   --> customer.subscription.created [evt_1TY8cMResCaCdPO67mld9Shu]
2026-05-17 13:36:46  <--  [200] POST http://localhost:8500/fpw/api/v1/stripeWebhook.cfc?method=handle [evt_1TY8cMResCaCdPO67mld9Shu]
2026-05-17 15:35:56   --> checkout.session.expired [evt_1TYATgResCaCdPO6qokrl5rL]
2026-05-17 15:35:56  <--  [200] POST http://localhost:8500/fpw/api/v1/stripeWebhook.cfc?method=handle [evt_1TYATgResCaCdPO6qokrl5rL]
2026-05-17 16:05:50   --> billing_portal.session.created [evt_1TYAwcResCaCdPO6xJOBsD4E]
2026-05-17 16:05:50  <--  [400] POST http://localhost:8500/fpw/api/v1/stripeWebhook.cfc?method=handle [evt_1TYAwcResCaCdPO6xJOBsD4E]
2026-05-17 16:14:03   --> billing_portal.session.created [evt_1TYB4ZResCaCdPO6ByGqaTP5]
2026-05-17 16:14:03  <--  [400] POST http://localhost:8500/fpw/api/v1/stripeWebhook.cfc?method=handle [evt_1TYB4ZResCaCdPO6ByGqaTP5]
time="Sun, 17 May 2026 16:20:14 EDT" level=error msg="Error when writing ping message: websocket: close sent" prefix=websocket.Client.writePump
2026-05-17 16:22:22   --> invoice.payment_succeeded [evt_1TYBCcResCaCdPO6uSFznMym]
2026-05-17 16:22:22  <--  [400] POST http://localhost:8500/fpw/api/v1/stripeWebhook.cfc?method=handle [evt_1TYBCcResCaCdPO6uSFznMym]
2026-05-17 16:22:23   --> invoice.created [evt_1TYBCcResCaCdPO6MJ0g7Rkz]
2026-05-17 16:22:23  <--  [400] POST http://localhost:8500/fpw/api/v1/stripeWebhook.cfc?method=handle [evt_1TYBCcResCaCdPO6MJ0g7Rkz]
2026-05-17 16:22:23   --> invoice.finalized [evt_1TYBCcResCaCdPO6LulosAGW]
2026-05-17 16:22:23  <--  [400] POST http://localhost:8500/fpw/api/v1/stripeWebhook.cfc?method=handle [evt_1TYBCcResCaCdPO6LulosAGW]
2026-05-17 16:22:23   --> payment_method.attached [evt_1TYBCdResCaCdPO6ZlUmD67X]
2026-05-17 16:22:23  <--  [400] POST http://localhost:8500/fpw/api/v1/stripeWebhook.cfc?method=handle [evt_1TYBCdResCaCdPO6ZlUmD67X]
2026-05-17 16:22:23   --> invoice.paid [evt_1TYBCdResCaCdPO6qnUHz35q]
2026-05-17 16:22:23   --> checkout.session.completed [evt_1TYBCdResCaCdPO6I8XpG6Nm]
2026-05-17 16:22:23  <--  [400] POST http://localhost:8500/fpw/api/v1/stripeWebhook.cfc?method=handle [evt_1TYBCdResCaCdPO6qnUHz35q]
2026-05-17 16:22:23  <--  [400] POST http://localhost:8500/fpw/api/v1/stripeWebhook.cfc?method=handle [evt_1TYBCdResCaCdPO6I8XpG6Nm]
2026-05-17 16:22:23   --> customer.created [evt_1TYBCdResCaCdPO6ZTWtaCsX]
2026-05-17 16:22:23   --> customer.updated [evt_1TYBCdResCaCdPO6yFf4QnI8]
2026-05-17 16:22:23  <--  [400] POST http://localhost:8500/fpw/api/v1/stripeWebhook.cfc?method=handle [evt_1TYBCdResCaCdPO6ZTWtaCsX]
2026-05-17 16:22:23  <--  [400] POST http://localhost:8500/fpw/api/v1/stripeWebhook.cfc?method=handle [evt_1TYBCdResCaCdPO6yFf4QnI8]
2026-05-17 16:22:23   --> payment_intent.succeeded [evt_3TYBCYResCaCdPO60Kd9IGyt]
2026-05-17 16:22:23   --> customer.subscription.created [evt_1TYBCdResCaCdPO64sRzhFRj]
2026-05-17 16:22:23  <--  [400] POST http://localhost:8500/fpw/api/v1/stripeWebhook.cfc?method=handle [evt_1TYBCdResCaCdPO64sRzhFRj]
2026-05-17 16:22:23  <--  [400] POST http://localhost:8500/fpw/api/v1/stripeWebhook.cfc?method=handle [evt_3TYBCYResCaCdPO60Kd9IGyt]
2026-05-17 16:22:23   --> payment_intent.created [evt_3TYBCYResCaCdPO60dqTUQc5]
2026-05-17 16:22:23  <--  [400] POST http://localhost:8500/fpw/api/v1/stripeWebhook.cfc?method=handle [evt_3TYBCYResCaCdPO60dqTUQc5]
2026-05-17 16:22:23   --> charge.succeeded [evt_3TYBCYResCaCdPO60DzYH22u]
2026-05-17 16:22:23  <--  [400] POST http://localhost:8500/fpw/api/v1/stripeWebhook.cfc?method=handle [evt_3TYBCYResCaCdPO60DzYH22u]
2026-05-17 16:22:31   --> invoice_payment.paid [evt_1TYBCkResCaCdPO6JWSQsCu2]
2026-05-17 16:22:31  <--  [400] POST http://localhost:8500/fpw/api/v1/stripeWebhook.cfc?method=handle [evt_1TYBCkResCaCdPO6JWSQsCu2]
2026-05-17 16:22:41   --> billing_portal.session.created [evt_1TYBCvResCaCdPO6Bs4LYkJ6]
2026-05-17 16:22:41  <--  [400] POST http://localhost:8500/fpw/api/v1/stripeWebhook.cfc?method=handle [evt_1TYBCvResCaCdPO6Bs4LYkJ6]
2026-05-17 16:23:44   --> billing_portal.session.created [evt_1TYBDvResCaCdPO63mZhJry2]
2026-05-17 16:23:44  <--  [400] POST http://localhost:8500/fpw/api/v1/stripeWebhook.cfc?method=handle [evt_1TYBDvResCaCdPO63mZhJry2]
2026-05-17 16:51:26   --> billing_portal.session.created [evt_1TYBekResCaCdPO6Mfz7j330]
2026-05-17 16:51:26  <--  [400] POST http://localhost:8500/fpw/api/v1/stripeWebhook.cfc?method=handle [evt_1TYBekResCaCdPO6Mfz7j330]
2026-05-17 16:53:14   --> invoice.payment_succeeded [evt_1TYBgUResCaCdPO6Q4S5vDSI]
2026-05-17 16:53:14  <--  [400] POST http://localhost:8500/fpw/api/v1/stripeWebhook.cfc?method=handle [evt_1TYBgUResCaCdPO6Q4S5vDSI]
2026-05-17 16:53:14   --> invoice.finalized [evt_1TYBgUResCaCdPO6CiD2MJf5]
2026-05-17 16:53:14   --> invoice.created [evt_1TYBgUResCaCdPO6hujbUIOk]
2026-05-17 16:53:14  <--  [400] POST http://localhost:8500/fpw/api/v1/stripeWebhook.cfc?method=handle [evt_1TYBgUResCaCdPO6hujbUIOk]
2026-05-17 16:53:14  <--  [400] POST http://localhost:8500/fpw/api/v1/stripeWebhook.cfc?method=handle [evt_1TYBgUResCaCdPO6CiD2MJf5]
2026-05-17 16:53:14   --> invoice.paid [evt_1TYBgUResCaCdPO6aOKubf6X]
2026-05-17 16:53:14  <--  [400] POST http://localhost:8500/fpw/api/v1/stripeWebhook.cfc?method=handle [evt_1TYBgUResCaCdPO6aOKubf6X]
2026-05-17 16:53:14   --> payment_method.attached [evt_1TYBgUResCaCdPO6PL5ZA7Pb]
2026-05-17 16:53:14  <--  [400] POST http://localhost:8500/fpw/api/v1/stripeWebhook.cfc?method=handle [evt_1TYBgUResCaCdPO6PL5ZA7Pb]
2026-05-17 16:53:14   --> customer.created [evt_1TYBgUResCaCdPO6lA6XVUVi]
2026-05-17 16:53:14  <--  [400] POST http://localhost:8500/fpw/api/v1/stripeWebhook.cfc?method=handle [evt_1TYBgUResCaCdPO6lA6XVUVi]
2026-05-17 16:53:15   --> checkout.session.completed [evt_1TYBgUResCaCdPO6xdBbqd6R]
2026-05-17 16:53:15  <--  [400] POST http://localhost:8500/fpw/api/v1/stripeWebhook.cfc?method=handle [evt_1TYBgUResCaCdPO6xdBbqd6R]
2026-05-17 16:53:15   --> customer.updated [evt_1TYBgUResCaCdPO6vyUnGreD]
2026-05-17 16:53:15  <--  [400] POST http://localhost:8500/fpw/api/v1/stripeWebhook.cfc?method=handle [evt_1TYBgUResCaCdPO6vyUnGreD]
2026-05-17 16:53:15   --> customer.subscription.created [evt_1TYBgUResCaCdPO6tScVfb9p]
2026-05-17 16:53:15  <--  [400] POST http://localhost:8500/fpw/api/v1/stripeWebhook.cfc?method=handle [evt_1TYBgUResCaCdPO6tScVfb9p]
2026-05-17 16:53:15   --> payment_intent.succeeded [evt_3TYBgQResCaCdPO60uqIEyji]
2026-05-17 16:53:15  <--  [400] POST http://localhost:8500/fpw/api/v1/stripeWebhook.cfc?method=handle [evt_3TYBgQResCaCdPO60uqIEyji]
2026-05-17 16:53:15   --> payment_intent.created [evt_3TYBgQResCaCdPO60lbRiKi9]
2026-05-17 16:53:15  <--  [400] POST http://localhost:8500/fpw/api/v1/stripeWebhook.cfc?method=handle [evt_3TYBgQResCaCdPO60lbRiKi9]
2026-05-17 16:53:15   --> charge.succeeded [evt_3TYBgQResCaCdPO60nTuv01c]
2026-05-17 16:53:15  <--  [400] POST http://localhost:8500/fpw/api/v1/stripeWebhook.cfc?method=handle [evt_3TYBgQResCaCdPO60nTuv01c]
2026-05-17 16:53:26   --> invoice_payment.paid [evt_1TYBggResCaCdPO61qwj7KiW]
2026-05-17 16:53:26  <--  [400] POST http://localhost:8500/fpw/api/v1/stripeWebhook.cfc?method=handle [evt_1TYBggResCaCdPO61qwj7KiW]
2026-05-17 16:53:44   --> billing_portal.session.created [evt_1TYBgxResCaCdPO60PnHivfE]
2026-05-17 16:53:44  <--  [400] POST http://localhost:8500/fpw/api/v1/stripeWebhook.cfc?method=handle [evt_1TYBgxResCaCdPO60PnHivfE]
2026-05-17 18:31:57   --> checkout.session.expired [evt_1TYDE1ResCaCdPO6y759iJNZ]
2026-05-17 18:31:57  <--  [400] POST http://localhost:8500/fpw/api/v1/stripeWebhook.cfc?method=handle [evt_1TYDE1ResCaCdPO6y759iJNZ]
2026-05-17 18:50:19   --> billing_portal.session.created [evt_1TYDVnResCaCdPO69zHagD1s]
2026-05-17 18:50:19  <--  [400] POST http://localhost:8500/fpw/api/v1/stripeWebhook.cfc?method=handle [evt_1TYDVnResCaCdPO69zHagD1s]
2026-05-17 18:58:01   --> invoice.payment_succeeded [evt_1TYDdFResCaCdPO6NAHcU18W]
2026-05-17 18:58:01  <--  [400] POST http://localhost:8500/fpw/api/v1/stripeWebhook.cfc?method=handle [evt_1TYDdFResCaCdPO6NAHcU18W]
2026-05-17 18:58:01   --> invoice.created [evt_1TYDdFResCaCdPO6Ra2FjZ95]
2026-05-17 18:58:01  <--  [400] POST http://localhost:8500/fpw/api/v1/stripeWebhook.cfc?method=handle [evt_1TYDdFResCaCdPO6Ra2FjZ95]
2026-05-17 18:58:01   --> invoice.finalized [evt_1TYDdFResCaCdPO6RG7MJJRf]
2026-05-17 18:58:01   --> checkout.session.completed [evt_1TYDdFResCaCdPO660aJvxfg]
2026-05-17 18:58:01  <--  [400] POST http://localhost:8500/fpw/api/v1/stripeWebhook.cfc?method=handle [evt_1TYDdFResCaCdPO6RG7MJJRf]
2026-05-17 18:58:01  <--  [400] POST http://localhost:8500/fpw/api/v1/stripeWebhook.cfc?method=handle [evt_1TYDdFResCaCdPO660aJvxfg]
2026-05-17 18:58:01   --> invoice.paid [evt_1TYDdFResCaCdPO6cVwuRvvM]
2026-05-17 18:58:01   --> customer.created [evt_1TYDdFResCaCdPO6rm51oWfV]
2026-05-17 18:58:01  <--  [400] POST http://localhost:8500/fpw/api/v1/stripeWebhook.cfc?method=handle [evt_1TYDdFResCaCdPO6rm51oWfV]
2026-05-17 18:58:01  <--  [400] POST http://localhost:8500/fpw/api/v1/stripeWebhook.cfc?method=handle [evt_1TYDdFResCaCdPO6cVwuRvvM]
2026-05-17 18:58:01   --> customer.updated [evt_1TYDdFResCaCdPO66DXLGwO9]
2026-05-17 18:58:01  <--  [400] POST http://localhost:8500/fpw/api/v1/stripeWebhook.cfc?method=handle [evt_1TYDdFResCaCdPO66DXLGwO9]
2026-05-17 18:58:01   --> customer.subscription.created [evt_1TYDdFResCaCdPO6XNjHOHlT]
2026-05-17 18:58:01  <--  [400] POST http://localhost:8500/fpw/api/v1/stripeWebhook.cfc?method=handle [evt_1TYDdFResCaCdPO6XNjHOHlT]
2026-05-17 19:10:16   --> invoice.payment_succeeded [evt_1TYDp6ResCaCdPO6aZiaJC85]
2026-05-17 19:10:16  <--  [400] POST http://localhost:8500/fpw/api/v1/stripeWebhook.cfc?method=handle [evt_1TYDp6ResCaCdPO6aZiaJC85]
2026-05-17 19:10:16   --> invoice.created [evt_1TYDp6ResCaCdPO6LvyDCMuN]
2026-05-17 19:10:16  <--  [400] POST http://localhost:8500/fpw/api/v1/stripeWebhook.cfc?method=handle [evt_1TYDp6ResCaCdPO6LvyDCMuN]
2026-05-17 19:10:16   --> invoice.finalized [evt_1TYDp6ResCaCdPO6wRIBVab9]
2026-05-17 19:10:16  <--  [400] POST http://localhost:8500/fpw/api/v1/stripeWebhook.cfc?method=handle [evt_1TYDp6ResCaCdPO6wRIBVab9]
2026-05-17 19:10:16   --> invoice.paid [evt_1TYDp6ResCaCdPO6VvUYfXnp]
2026-05-17 19:10:16  <--  [400] POST http://localhost:8500/fpw/api/v1/stripeWebhook.cfc?method=handle [evt_1TYDp6ResCaCdPO6VvUYfXnp]
2026-05-17 19:10:16   --> checkout.session.completed [evt_1TYDp6ResCaCdPO6F0h5Ncpa]
2026-05-17 19:10:16  <--  [400] POST http://localhost:8500/fpw/api/v1/stripeWebhook.cfc?method=handle [evt_1TYDp6ResCaCdPO6F0h5Ncpa]
2026-05-17 19:10:16   --> customer.created [evt_1TYDp6ResCaCdPO6KqGSmaKv]
2026-05-17 19:10:16  <--  [400] POST http://localhost:8500/fpw/api/v1/stripeWebhook.cfc?method=handle [evt_1TYDp6ResCaCdPO6KqGSmaKv]
2026-05-17 19:10:16   --> customer.updated [evt_1TYDp6ResCaCdPO6Mpk7Eb7D]
2026-05-17 19:10:16  <--  [400] POST http://localhost:8500/fpw/api/v1/stripeWebhook.cfc?method=handle [evt_1TYDp6ResCaCdPO6Mpk7Eb7D]
2026-05-17 19:10:17   --> customer.subscription.created [evt_1TYDp6ResCaCdPO6smBb9MMy]
2026-05-17 19:10:17  <--  [400] POST http://localhost:8500/fpw/api/v1/stripeWebhook.cfc?method=handle [evt_1TYDp6ResCaCdPO6smBb9MMy]
time="Sun, 17 May 2026 19:10:23 EDT" level=error msg="Error when writing ping message: websocket: close sent" prefix=websocket.Client.writePump
2026-05-17 19:12:05   --> invoice.payment_succeeded [evt_1TYDqrResCaCdPO6T5dppqNA]
2026-05-17 19:12:05  <--  [400] POST http://localhost:8500/fpw/api/v1/stripeWebhook.cfc?method=handle [evt_1TYDqrResCaCdPO6T5dppqNA]
2026-05-17 19:12:05   --> checkout.session.completed [evt_1TYDqrResCaCdPO60XAgIYpX]
2026-05-17 19:12:05  <--  [400] POST http://localhost:8500/fpw/api/v1/stripeWebhook.cfc?method=handle [evt_1TYDqrResCaCdPO60XAgIYpX]
2026-05-17 19:12:05   --> invoice.created [evt_1TYDqrResCaCdPO605ivM8Dh]
2026-05-17 19:12:05  <--  [400] POST http://localhost:8500/fpw/api/v1/stripeWebhook.cfc?method=handle [evt_1TYDqrResCaCdPO605ivM8Dh]
2026-05-17 19:12:05   --> invoice.finalized [evt_1TYDqrResCaCdPO6c81uk1qg]
2026-05-17 19:12:05  <--  [400] POST http://localhost:8500/fpw/api/v1/stripeWebhook.cfc?method=handle [evt_1TYDqrResCaCdPO6c81uk1qg]
2026-05-17 19:12:05   --> invoice.paid [evt_1TYDqrResCaCdPO68kpF2wKc]
2026-05-17 19:12:05  <--  [400] POST http://localhost:8500/fpw/api/v1/stripeWebhook.cfc?method=handle [evt_1TYDqrResCaCdPO68kpF2wKc]
2026-05-17 19:12:05   --> customer.created [evt_1TYDqrResCaCdPO6BPyIabbF]
2026-05-17 19:12:05  <--  [400] POST http://localhost:8500/fpw/api/v1/stripeWebhook.cfc?method=handle [evt_1TYDqrResCaCdPO6BPyIabbF]
2026-05-17 19:12:06   --> customer.subscription.created [evt_1TYDqrResCaCdPO6HCdCOiH7]
2026-05-17 19:12:06  <--  [400] POST http://localhost:8500/fpw/api/v1/stripeWebhook.cfc?method=handle [evt_1TYDqrResCaCdPO6HCdCOiH7]
2026-05-17 19:12:06   --> customer.updated [evt_1TYDqrResCaCdPO6aN9yBvB9]
2026-05-17 19:12:06  <--  [400] POST http://localhost:8500/fpw/api/v1/stripeWebhook.cfc?method=handle [evt_1TYDqrResCaCdPO6aN9yBvB9]

Checking for new versions...

Getting ready...
Ready! You are using Stripe API Version [2026-03-25.dahlia]. Your webhook signing secret is [REDACTED_WHSEC] (^C to quit)

Checking for new versions...

Getting ready...
Ready! You are using Stripe API Version [2026-03-25.dahlia]. Your webhook signing secret is [REDACTED_WHSEC] (^C to quit)
2026-05-17 20:12:20   --> customer.created [evt_1TYEn9Dg8q5PBa98fBGB0RIr]
2026-05-17 20:12:20  <--  [200] POST http://localhost:8500/fpw/api/v1/stripeWebhook.cfc?method=handle [evt_1TYEn9Dg8q5PBa98fBGB0RIr]
2026-05-17 20:19:10   --> customer.created [evt_1TYEtlDg8q5PBa98yo9MO9SI]
2026-05-17 20:19:10  <--  [200] POST http://localhost:8500/fpw/api/v1/stripeWebhook.cfc?method=handle [evt_1TYEtlDg8q5PBa98yo9MO9SI]
2026-05-17 20:35:45   --> invoice.payment_succeeded [evt_1TYF9pDg8q5PBa98Mjywciio]
2026-05-17 20:35:45   --> checkout.session.completed [evt_1TYF9pDg8q5PBa98nTfwXfEf]
2026-05-17 20:35:45   --> invoice.created [evt_1TYF9pDg8q5PBa98xN1rxVBI]
2026-05-17 20:35:45  <--  [200] POST http://localhost:8500/fpw/api/v1/stripeWebhook.cfc?method=handle [evt_1TYF9pDg8q5PBa98Mjywciio]
2026-05-17 20:35:45  <--  [200] POST http://localhost:8500/fpw/api/v1/stripeWebhook.cfc?method=handle [evt_1TYF9pDg8q5PBa98xN1rxVBI]
2026-05-17 20:35:45  <--  [200] POST http://localhost:8500/fpw/api/v1/stripeWebhook.cfc?method=handle [evt_1TYF9pDg8q5PBa98nTfwXfEf]
2026-05-17 20:35:45   --> invoice.finalized [evt_1TYF9pDg8q5PBa98igSG86EE]
2026-05-17 20:35:45  <--  [200] POST http://localhost:8500/fpw/api/v1/stripeWebhook.cfc?method=handle [evt_1TYF9pDg8q5PBa98igSG86EE]
2026-05-17 20:35:45   --> invoice.paid [evt_1TYF9pDg8q5PBa98xoprfe7D]
2026-05-17 20:35:45  <--  [200] POST http://localhost:8500/fpw/api/v1/stripeWebhook.cfc?method=handle [evt_1TYF9pDg8q5PBa98xoprfe7D]
2026-05-17 20:35:45   --> customer.created [evt_1TYF9pDg8q5PBa98sWG9YICG]
2026-05-17 20:35:45   --> customer.updated [evt_1TYF9pDg8q5PBa98gHa7o2kJ]
2026-05-17 20:35:45  <--  [200] POST http://localhost:8500/fpw/api/v1/stripeWebhook.cfc?method=handle [evt_1TYF9pDg8q5PBa98sWG9YICG]
2026-05-17 20:35:45  <--  [200] POST http://localhost:8500/fpw/api/v1/stripeWebhook.cfc?method=handle [evt_1TYF9pDg8q5PBa98gHa7o2kJ]
2026-05-17 20:35:45   --> customer.subscription.created [evt_1TYF9pDg8q5PBa98om2vEsz8]
2026-05-17 20:35:45  <--  [200] POST http://localhost:8500/fpw/api/v1/stripeWebhook.cfc?method=handle [evt_1TYF9pDg8q5PBa98om2vEsz8]
2026-05-17 20:36:12   --> billing_portal.configuration.created [evt_1TYFAFDg8q5PBa98fT5xPDOO]
2026-05-17 20:36:12  <--  [200] POST http://localhost:8500/fpw/api/v1/stripeWebhook.cfc?method=handle [evt_1TYFAFDg8q5PBa98fT5xPDOO]
2026-05-17 20:36:12   --> billing_portal.session.created [evt_1TYFAFDg8q5PBa98ZSIaOjiZ]
2026-05-17 20:36:12  <--  [200] POST http://localhost:8500/fpw/api/v1/stripeWebhook.cfc?method=handle [evt_1TYFAFDg8q5PBa98ZSIaOjiZ]
2026-05-17 21:23:10   --> customer.created [evt_1TYFtiDg8q5PBa98PH4d0s9H]
2026-05-17 21:23:10   --> customer.updated [evt_1TYFtiDg8q5PBa98uNbzsw32]
2026-05-17 21:23:10   --> payment_intent.requires_action [evt_3TYFtgDg8q5PBa983H0eMJLr]
2026-05-17 21:23:10   --> payment_intent.created [evt_3TYFtgDg8q5PBa983i3RN8A1]
2026-05-17 21:23:10  <--  [200] POST http://localhost:8500/fpw/api/v1/stripeWebhook.cfc?method=handle [evt_3TYFtgDg8q5PBa983i3RN8A1]
2026-05-17 21:23:10  <--  [200] POST http://localhost:8500/fpw/api/v1/stripeWebhook.cfc?method=handle [evt_3TYFtgDg8q5PBa983H0eMJLr]
2026-05-17 21:23:10  <--  [200] POST http://localhost:8500/fpw/api/v1/stripeWebhook.cfc?method=handle [evt_1TYFtiDg8q5PBa98PH4d0s9H]
2026-05-17 21:23:10  <--  [200] POST http://localhost:8500/fpw/api/v1/stripeWebhook.cfc?method=handle [evt_1TYFtiDg8q5PBa98uNbzsw32]
2026-05-17 21:23:29   --> mandate.updated [evt_1TYFu1Dg8q5PBa98uSTjAsWU]
2026-05-17 21:23:29  <--  [200] POST http://localhost:8500/fpw/api/v1/stripeWebhook.cfc?method=handle [evt_1TYFu1Dg8q5PBa98uSTjAsWU]
2026-05-17 21:23:29   --> payment_intent.payment_failed [evt_3TYFtgDg8q5PBa983zI7swcY]
2026-05-17 21:23:29  <--  [200] POST http://localhost:8500/fpw/api/v1/stripeWebhook.cfc?method=handle [evt_3TYFtgDg8q5PBa983zI7swcY]
2026-05-17 21:24:07   --> customer.created [evt_1TYFudDg8q5PBa98mbrRlNuL]
2026-05-17 21:24:07  <--  [200] POST http://localhost:8500/fpw/api/v1/stripeWebhook.cfc?method=handle [evt_1TYFudDg8q5PBa98mbrRlNuL]
2026-05-17 21:24:07   --> customer.updated [evt_1TYFudDg8q5PBa98YxT3SIj3]
2026-05-17 21:24:07  <--  [200] POST http://localhost:8500/fpw/api/v1/stripeWebhook.cfc?method=handle [evt_1TYFudDg8q5PBa98YxT3SIj3]
2026-05-17 21:24:08   --> payment_intent.requires_action [evt_3TYFubDg8q5PBa980dn011Et]
2026-05-17 21:24:08  <--  [200] POST http://localhost:8500/fpw/api/v1/stripeWebhook.cfc?method=handle [evt_3TYFubDg8q5PBa980dn011Et]
2026-05-17 21:24:08   --> payment_intent.created [evt_3TYFubDg8q5PBa980WaQCoJG]
2026-05-17 21:24:08  <--  [200] POST http://localhost:8500/fpw/api/v1/stripeWebhook.cfc?method=handle [evt_3TYFubDg8q5PBa980WaQCoJG]
2026-05-17 21:24:23   --> payment_method.attached [evt_1TYFutDg8q5PBa98qKQt7SJ4]
2026-05-17 21:24:23  <--  [200] POST http://localhost:8500/fpw/api/v1/stripeWebhook.cfc?method=handle [evt_1TYFutDg8q5PBa98qKQt7SJ4]
2026-05-17 21:24:23   --> payment_intent.succeeded [evt_3TYFubDg8q5PBa980iR4zp1E]
2026-05-17 21:24:23  <--  [200] POST http://localhost:8500/fpw/api/v1/stripeWebhook.cfc?method=handle [evt_3TYFubDg8q5PBa980iR4zp1E]
2026-05-17 21:24:23   --> charge.succeeded [evt_3TYFubDg8q5PBa980YYjsZRH]
2026-05-17 21:24:23  <--  [200] POST http://localhost:8500/fpw/api/v1/stripeWebhook.cfc?method=handle [evt_3TYFubDg8q5PBa980YYjsZRH]
2026-05-17 21:24:23   --> mandate.updated [evt_1TYFutDg8q5PBa98fIoh1JfI]
2026-05-17 21:24:23  <--  [200] POST http://localhost:8500/fpw/api/v1/stripeWebhook.cfc?method=handle [evt_1TYFutDg8q5PBa98fIoh1JfI]
2026-05-17 21:24:27   --> checkout.session.completed [evt_1TYFuxDg8q5PBa9839Rc1oQD]
2026-05-17 21:24:27  <--  [200] POST http://localhost:8500/fpw/api/v1/stripeWebhook.cfc?method=handle [evt_1TYFuxDg8q5PBa9839Rc1oQD]
2026-05-17 21:24:28   --> invoice.created [evt_1TYFuxDg8q5PBa9811r26S6s]
2026-05-17 21:24:28  <--  [200] POST http://localhost:8500/fpw/api/v1/stripeWebhook.cfc?method=handle [evt_1TYFuxDg8q5PBa9811r26S6s]
2026-05-17 21:24:28   --> invoice.finalized [evt_1TYFuyDg8q5PBa98H9QpLg9s]
2026-05-17 21:24:28  <--  [200] POST http://localhost:8500/fpw/api/v1/stripeWebhook.cfc?method=handle [evt_1TYFuyDg8q5PBa98H9QpLg9s]
2026-05-17 21:24:28   --> invoice.paid [evt_1TYFuyDg8q5PBa98IH65KnB7]
2026-05-17 21:24:28  <--  [200] POST http://localhost:8500/fpw/api/v1/stripeWebhook.cfc?method=handle [evt_1TYFuyDg8q5PBa98IH65KnB7]
2026-05-17 21:24:29   --> invoice.payment_succeeded [evt_1TYFuyDg8q5PBa98R7Oz14lF]
2026-05-17 21:24:29  <--  [200] POST http://localhost:8500/fpw/api/v1/stripeWebhook.cfc?method=handle [evt_1TYFuyDg8q5PBa98R7Oz14lF]
2026-05-17 21:24:29   --> customer.subscription.created [evt_1TYFuzDg8q5PBa98gcXv91Fz]
2026-05-17 21:24:29  <--  [200] POST http://localhost:8500/fpw/api/v1/stripeWebhook.cfc?method=handle [evt_1TYFuzDg8q5PBa98gcXv91Fz]
2026-05-17 21:25:00   --> invoice_payment.paid [evt_1TYFvUDg8q5PBa98ikAxjbZp]
2026-05-17 21:25:00  <--  [200] POST http://localhost:8500/fpw/api/v1/stripeWebhook.cfc?method=handle [evt_1TYFvUDg8q5PBa98ikAxjbZp]
2026-05-17 21:28:04   --> invoice.payment_succeeded [evt_1TYFySDg8q5PBa98gygb0XjD]
2026-05-17 21:28:04  <--  [200] POST http://localhost:8500/fpw/api/v1/stripeWebhook.cfc?method=handle [evt_1TYFySDg8q5PBa98gygb0XjD]
2026-05-17 21:28:05   --> invoice.created [evt_1TYFySDg8q5PBa98JEbQZYBL]
2026-05-17 21:28:05  <--  [200] POST http://localhost:8500/fpw/api/v1/stripeWebhook.cfc?method=handle [evt_1TYFySDg8q5PBa98JEbQZYBL]
2026-05-17 21:28:05   --> invoice.finalized [evt_1TYFyTDg8q5PBa98k0GCnOvD]
2026-05-17 21:28:05  <--  [200] POST http://localhost:8500/fpw/api/v1/stripeWebhook.cfc?method=handle [evt_1TYFyTDg8q5PBa98k0GCnOvD]
2026-05-17 21:28:05   --> invoice.paid [evt_1TYFyTDg8q5PBa986DId7wZ8]
2026-05-17 21:28:05  <--  [200] POST http://localhost:8500/fpw/api/v1/stripeWebhook.cfc?method=handle [evt_1TYFyTDg8q5PBa986DId7wZ8]
2026-05-17 21:28:05   --> payment_method.attached [evt_1TYFyTDg8q5PBa982yEmsv8i]
2026-05-17 21:28:05  <--  [200] POST http://localhost:8500/fpw/api/v1/stripeWebhook.cfc?method=handle [evt_1TYFyTDg8q5PBa982yEmsv8i]
2026-05-17 21:28:05   --> customer.created [evt_1TYFyTDg8q5PBa98T2bmVkB9]
2026-05-17 21:28:05  <--  [200] POST http://localhost:8500/fpw/api/v1/stripeWebhook.cfc?method=handle [evt_1TYFyTDg8q5PBa98T2bmVkB9]
2026-05-17 21:28:05   --> customer.updated [evt_1TYFyTDg8q5PBa989wpJ4gJP]
2026-05-17 21:28:05  <--  [200] POST http://localhost:8500/fpw/api/v1/stripeWebhook.cfc?method=handle [evt_1TYFyTDg8q5PBa989wpJ4gJP]
2026-05-17 21:28:05   --> checkout.session.completed [evt_1TYFyTDg8q5PBa98Zd8HaIz6]
2026-05-17 21:28:05   --> customer.subscription.created [evt_1TYFyTDg8q5PBa98aqj3Xpsd]
2026-05-17 21:28:05   --> payment_intent.succeeded [evt_3TYFyODg8q5PBa984thS8vgZ]
2026-05-17 21:28:05  <--  [200] POST http://localhost:8500/fpw/api/v1/stripeWebhook.cfc?method=handle [evt_1TYFyTDg8q5PBa98Zd8HaIz6]
2026-05-17 21:28:05  <--  [200] POST http://localhost:8500/fpw/api/v1/stripeWebhook.cfc?method=handle [evt_1TYFyTDg8q5PBa98aqj3Xpsd]
2026-05-17 21:28:05  <--  [200] POST http://localhost:8500/fpw/api/v1/stripeWebhook.cfc?method=handle [evt_3TYFyODg8q5PBa984thS8vgZ]
2026-05-17 21:28:05   --> payment_intent.created [evt_3TYFyODg8q5PBa984ys4GAv0]
2026-05-17 21:28:05  <--  [200] POST http://localhost:8500/fpw/api/v1/stripeWebhook.cfc?method=handle [evt_3TYFyODg8q5PBa984ys4GAv0]
2026-05-17 21:28:05   --> charge.succeeded [evt_3TYFyODg8q5PBa984Ji4axx7]
2026-05-17 21:28:05  <--  [200] POST http://localhost:8500/fpw/api/v1/stripeWebhook.cfc?method=handle [evt_3TYFyODg8q5PBa984Ji4axx7]
2026-05-17 21:28:25   --> invoice_payment.paid [evt_1TYFynDg8q5PBa98XZvZx5VN]
2026-05-17 21:28:25  <--  [200] POST http://localhost:8500/fpw/api/v1/stripeWebhook.cfc?method=handle [evt_1TYFynDg8q5PBa98XZvZx5VN]
2026-05-17 21:32:16   --> invoice.payment_succeeded [evt_1TYG2VDg8q5PBa98I9aLFgpr]
2026-05-17 21:32:16  <--  [200] POST http://localhost:8500/fpw/api/v1/stripeWebhook.cfc?method=handle [evt_1TYG2VDg8q5PBa98I9aLFgpr]
2026-05-17 21:32:16   --> invoice.created [evt_1TYG2WDg8q5PBa9875qL2Toe]
2026-05-17 21:32:16  <--  [200] POST http://localhost:8500/fpw/api/v1/stripeWebhook.cfc?method=handle [evt_1TYG2WDg8q5PBa9875qL2Toe]
2026-05-17 21:32:16   --> checkout.session.completed [evt_1TYG2WDg8q5PBa98Q8KhZYAR]
2026-05-17 21:32:16  <--  [200] POST http://localhost:8500/fpw/api/v1/stripeWebhook.cfc?method=handle [evt_1TYG2WDg8q5PBa98Q8KhZYAR]
2026-05-17 21:32:16   --> invoice.finalized [evt_1TYG2WDg8q5PBa98Tfm5GiBa]
2026-05-17 21:32:16  <--  [200] POST http://localhost:8500/fpw/api/v1/stripeWebhook.cfc?method=handle [evt_1TYG2WDg8q5PBa98Tfm5GiBa]
2026-05-17 21:32:16   --> invoice.paid [evt_1TYG2WDg8q5PBa98h0hTqtgV]
2026-05-17 21:32:16  <--  [200] POST http://localhost:8500/fpw/api/v1/stripeWebhook.cfc?method=handle [evt_1TYG2WDg8q5PBa98h0hTqtgV]
2026-05-17 21:32:16   --> customer.created [evt_1TYG2WDg8q5PBa98W0DszSuQ]
2026-05-17 21:32:16  <--  [200] POST http://localhost:8500/fpw/api/v1/stripeWebhook.cfc?method=handle [evt_1TYG2WDg8q5PBa98W0DszSuQ]
2026-05-17 21:32:16   --> customer.updated [evt_1TYG2WDg8q5PBa98g1MttSZH]
2026-05-17 21:32:16  <--  [200] POST http://localhost:8500/fpw/api/v1/stripeWebhook.cfc?method=handle [evt_1TYG2WDg8q5PBa98g1MttSZH]
2026-05-17 21:32:17   --> customer.subscription.created [evt_1TYG2WDg8q5PBa98NIfFUoSq]
2026-05-17 21:32:17  <--  [200] POST http://localhost:8500/fpw/api/v1/stripeWebhook.cfc?method=handle [evt_1TYG2WDg8q5PBa98NIfFUoSq]
2026-05-17 21:37:02   --> invoice.payment_succeeded [evt_1TYG78Dg8q5PBa98FsPaYpOd]
2026-05-17 21:37:02  <--  [200] POST http://localhost:8500/fpw/api/v1/stripeWebhook.cfc?method=handle [evt_1TYG78Dg8q5PBa98FsPaYpOd]
2026-05-17 21:37:02   --> invoice.created [evt_1TYG78Dg8q5PBa98UrLJKAFQ]
2026-05-17 21:37:02  <--  [200] POST http://localhost:8500/fpw/api/v1/stripeWebhook.cfc?method=handle [evt_1TYG78Dg8q5PBa98UrLJKAFQ]
2026-05-17 21:37:02   --> invoice.finalized [evt_1TYG78Dg8q5PBa98vJQHRDfZ]
2026-05-17 21:37:02  <--  [200] POST http://localhost:8500/fpw/api/v1/stripeWebhook.cfc?method=handle [evt_1TYG78Dg8q5PBa98vJQHRDfZ]
2026-05-17 21:37:02   --> invoice.paid [evt_1TYG78Dg8q5PBa989aNifYbV]
2026-05-17 21:37:02  <--  [200] POST http://localhost:8500/fpw/api/v1/stripeWebhook.cfc?method=handle [evt_1TYG78Dg8q5PBa989aNifYbV]
2026-05-17 21:37:02   --> payment_method.attached [evt_1TYG78Dg8q5PBa983mtViOSF]
2026-05-17 21:37:02  <--  [200] POST http://localhost:8500/fpw/api/v1/stripeWebhook.cfc?method=handle [evt_1TYG78Dg8q5PBa983mtViOSF]
2026-05-17 21:37:02   --> customer.updated [evt_1TYG78Dg8q5PBa989nuwE9qd]
2026-05-17 21:37:02   --> checkout.session.completed [evt_1TYG78Dg8q5PBa98DQtba4Ju]
2026-05-17 21:37:02   --> customer.created [evt_1TYG78Dg8q5PBa98e5aW8h2R]
2026-05-17 21:37:02  <--  [200] POST http://localhost:8500/fpw/api/v1/stripeWebhook.cfc?method=handle [evt_1TYG78Dg8q5PBa98DQtba4Ju]
2026-05-17 21:37:02  <--  [200] POST http://localhost:8500/fpw/api/v1/stripeWebhook.cfc?method=handle [evt_1TYG78Dg8q5PBa989nuwE9qd]
2026-05-17 21:37:02  <--  [200] POST http://localhost:8500/fpw/api/v1/stripeWebhook.cfc?method=handle [evt_1TYG78Dg8q5PBa98e5aW8h2R]
2026-05-17 21:37:02   --> customer.subscription.created [evt_1TYG78Dg8q5PBa98lnSS9dbX]
2026-05-17 21:37:02   --> payment_intent.succeeded [evt_3TYG73Dg8q5PBa981D3wfTMj]
2026-05-17 21:37:03  <--  [200] POST http://localhost:8500/fpw/api/v1/stripeWebhook.cfc?method=handle [evt_3TYG73Dg8q5PBa981D3wfTMj]
2026-05-17 21:37:03  <--  [200] POST http://localhost:8500/fpw/api/v1/stripeWebhook.cfc?method=handle [evt_1TYG78Dg8q5PBa98lnSS9dbX]
2026-05-17 21:37:03   --> payment_intent.created [evt_3TYG73Dg8q5PBa981IvmZJi2]
2026-05-17 21:37:03  <--  [200] POST http://localhost:8500/fpw/api/v1/stripeWebhook.cfc?method=handle [evt_3TYG73Dg8q5PBa981IvmZJi2]
2026-05-17 21:37:03   --> charge.succeeded [evt_3TYG73Dg8q5PBa981wkYwcLa]
2026-05-17 21:37:03  <--  [200] POST http://localhost:8500/fpw/api/v1/stripeWebhook.cfc?method=handle [evt_3TYG73Dg8q5PBa981wkYwcLa]
2026-05-17 21:37:36   --> invoice_payment.paid [evt_1TYG7gDg8q5PBa98aS1KraBj]
2026-05-17 21:37:36  <--  [200] POST http://localhost:8500/fpw/api/v1/stripeWebhook.cfc?method=handle [evt_1TYG7gDg8q5PBa98aS1KraBj]
2026-05-17 22:03:16   --> invoice.payment_succeeded [evt_1TYGWWDg8q5PBa98MBv4zrpe]
2026-05-17 22:03:16   --> invoice.created [evt_1TYGWWDg8q5PBa98BwPeGDdt]
2026-05-17 22:03:16  <--  [200] POST http://localhost:8500/fpw/api/v1/stripeWebhook.cfc?method=handle [evt_1TYGWWDg8q5PBa98MBv4zrpe]
2026-05-17 22:03:16  <--  [200] POST http://localhost:8500/fpw/api/v1/stripeWebhook.cfc?method=handle [evt_1TYGWWDg8q5PBa98BwPeGDdt]
2026-05-17 22:03:16   --> invoice.finalized [evt_1TYGWWDg8q5PBa98IyHtY2tH]
2026-05-17 22:03:16  <--  [200] POST http://localhost:8500/fpw/api/v1/stripeWebhook.cfc?method=handle [evt_1TYGWWDg8q5PBa98IyHtY2tH]
2026-05-17 22:03:16   --> invoice.paid [evt_1TYGWWDg8q5PBa98SwzflK68]
2026-05-17 22:03:16   --> payment_method.attached [evt_1TYGWWDg8q5PBa98AXQm7jno]
2026-05-17 22:03:16  <--  [200] POST http://localhost:8500/fpw/api/v1/stripeWebhook.cfc?method=handle [evt_1TYGWWDg8q5PBa98SwzflK68]
2026-05-17 22:03:16  <--  [200] POST http://localhost:8500/fpw/api/v1/stripeWebhook.cfc?method=handle [evt_1TYGWWDg8q5PBa98AXQm7jno]
2026-05-17 22:03:16   --> customer.created [evt_1TYGWWDg8q5PBa98euZZOsB3]
2026-05-17 22:03:16  <--  [200] POST http://localhost:8500/fpw/api/v1/stripeWebhook.cfc?method=handle [evt_1TYGWWDg8q5PBa98euZZOsB3]
2026-05-17 22:03:16   --> customer.subscription.created [evt_1TYGWWDg8q5PBa98v0DtUzu3]
2026-05-17 22:03:16  <--  [200] POST http://localhost:8500/fpw/api/v1/stripeWebhook.cfc?method=handle [evt_1TYGWWDg8q5PBa98v0DtUzu3]
2026-05-17 22:03:17   --> payment_intent.succeeded [evt_3TYGWRDg8q5PBa9831sSVQ8S]
2026-05-17 22:03:17  <--  [200] POST http://localhost:8500/fpw/api/v1/stripeWebhook.cfc?method=handle [evt_3TYGWRDg8q5PBa9831sSVQ8S]
2026-05-17 22:03:17   --> checkout.session.completed [evt_1TYGWWDg8q5PBa98k3OKUoE3]
2026-05-17 22:03:17   --> payment_intent.created [evt_3TYGWRDg8q5PBa983HBYCtQM]
2026-05-17 22:03:17  <--  [200] POST http://localhost:8500/fpw/api/v1/stripeWebhook.cfc?method=handle [evt_1TYGWWDg8q5PBa98k3OKUoE3]
2026-05-17 22:03:17  <--  [200] POST http://localhost:8500/fpw/api/v1/stripeWebhook.cfc?method=handle [evt_3TYGWRDg8q5PBa983HBYCtQM]
2026-05-17 22:03:17   --> customer.updated [evt_1TYGWWDg8q5PBa98xTLfepdW]
2026-05-17 22:03:17  <--  [200] POST http://localhost:8500/fpw/api/v1/stripeWebhook.cfc?method=handle [evt_1TYGWWDg8q5PBa98xTLfepdW]
2026-05-17 22:03:17   --> charge.succeeded [evt_3TYGWRDg8q5PBa983W79AIJh]
2026-05-17 22:03:17  <--  [200] POST http://localhost:8500/fpw/api/v1/stripeWebhook.cfc?method=handle [evt_3TYGWRDg8q5PBa983W79AIJh]
2026-05-17 22:03:47   --> invoice_payment.paid [evt_1TYGX0Dg8q5PBa98CAY7jFqz]
2026-05-17 22:03:47  <--  [200] POST http://localhost:8500/fpw/api/v1/stripeWebhook.cfc?method=handle [evt_1TYGX0Dg8q5PBa98CAY7jFqz]
2026-05-17 22:18:22   --> invoice.payment_succeeded [evt_1TYGl8Dg8q5PBa98PxY5plL6]
2026-05-17 22:18:22  <--  [200] POST http://localhost:8500/fpw/api/v1/stripeWebhook.cfc?method=handle [evt_1TYGl8Dg8q5PBa98PxY5plL6]
2026-05-17 22:18:22   --> checkout.session.completed [evt_1TYGl8Dg8q5PBa983hXyo28s]
2026-05-17 22:18:22  <--  [200] POST http://localhost:8500/fpw/api/v1/stripeWebhook.cfc?method=handle [evt_1TYGl8Dg8q5PBa983hXyo28s]
2026-05-17 22:18:22   --> invoice.created [evt_1TYGl8Dg8q5PBa98MtwvL6of]
2026-05-17 22:18:22  <--  [200] POST http://localhost:8500/fpw/api/v1/stripeWebhook.cfc?method=handle [evt_1TYGl8Dg8q5PBa98MtwvL6of]
2026-05-17 22:18:22   --> invoice.paid [evt_1TYGl8Dg8q5PBa98EwH2zq7f]
2026-05-17 22:18:22  <--  [200] POST http://localhost:8500/fpw/api/v1/stripeWebhook.cfc?method=handle [evt_1TYGl8Dg8q5PBa98EwH2zq7f]
2026-05-17 22:18:22   --> customer.created [evt_1TYGl8Dg8q5PBa98782RV0Eu]
2026-05-17 22:18:22   --> customer.updated [evt_1TYGl8Dg8q5PBa98CluGJyLm]
2026-05-17 22:18:22  <--  [200] POST http://localhost:8500/fpw/api/v1/stripeWebhook.cfc?method=handle [evt_1TYGl8Dg8q5PBa98782RV0Eu]
2026-05-17 22:18:22  <--  [200] POST http://localhost:8500/fpw/api/v1/stripeWebhook.cfc?method=handle [evt_1TYGl8Dg8q5PBa98CluGJyLm]
2026-05-17 22:18:22   --> customer.subscription.created [evt_1TYGl8Dg8q5PBa98XRGplA8P]
2026-05-17 22:18:22  <--  [200] POST http://localhost:8500/fpw/api/v1/stripeWebhook.cfc?method=handle [evt_1TYGl8Dg8q5PBa98XRGplA8P]
2026-05-17 22:18:22   --> invoice.finalized [evt_1TYGl8Dg8q5PBa98jxMgPp1V]
2026-05-17 22:18:22  <--  [200] POST http://localhost:8500/fpw/api/v1/stripeWebhook.cfc?method=handle [evt_1TYGl8Dg8q5PBa98jxMgPp1V]
2026-05-17 22:19:27   --> charge.succeeded [evt_3TYGmADg8q5PBa980Tw9lrQh]
2026-05-17 22:19:27  <--  [200] POST http://localhost:8500/fpw/api/v1/stripeWebhook.cfc?method=handle [evt_3TYGmADg8q5PBa980Tw9lrQh]
2026-05-17 22:19:27   --> payment_intent.succeeded [evt_3TYGmADg8q5PBa980L8rMvFd]
2026-05-17 22:19:27  <--  [200] POST http://localhost:8500/fpw/api/v1/stripeWebhook.cfc?method=handle [evt_3TYGmADg8q5PBa980L8rMvFd]
2026-05-17 22:19:27   --> payment_intent.created [evt_3TYGmADg8q5PBa980dUrnS0n]
2026-05-17 22:19:27  <--  [200] POST http://localhost:8500/fpw/api/v1/stripeWebhook.cfc?method=handle [evt_3TYGmADg8q5PBa980dUrnS0n]
2026-05-17 22:19:30   --> charge.updated [evt_3TYGmADg8q5PBa980DtMCqGR]
2026-05-17 22:19:30  <--  [200] POST http://localhost:8500/fpw/api/v1/stripeWebhook.cfc?method=handle [evt_3TYGmADg8q5PBa980DtMCqGR]
2026-05-17 22:34:17   --> invoice.payment_succeeded [evt_1TYH0WDg8q5PBa98kWuR4zbH]
2026-05-17 22:34:17   --> invoice.created [evt_1TYH0WDg8q5PBa98vTiTUkun]
2026-05-17 22:34:17  <--  [200] POST http://localhost:8500/fpw/api/v1/stripeWebhook.cfc?method=handle [evt_1TYH0WDg8q5PBa98vTiTUkun]
2026-05-17 22:34:17  <--  [200] POST http://localhost:8500/fpw/api/v1/stripeWebhook.cfc?method=handle [evt_1TYH0WDg8q5PBa98kWuR4zbH]
2026-05-17 22:34:17   --> invoice.finalized [evt_1TYH0XDg8q5PBa98tpB0eP0M]
2026-05-17 22:34:17  <--  [200] POST http://localhost:8500/fpw/api/v1/stripeWebhook.cfc?method=handle [evt_1TYH0XDg8q5PBa98tpB0eP0M]
2026-05-17 22:34:17   --> invoice.paid [evt_1TYH0XDg8q5PBa98OeyyoNkx]
2026-05-17 22:34:17  <--  [200] POST http://localhost:8500/fpw/api/v1/stripeWebhook.cfc?method=handle [evt_1TYH0XDg8q5PBa98OeyyoNkx]
2026-05-17 22:34:17   --> customer.created [evt_1TYH0XDg8q5PBa988RcWIW3c]
2026-05-17 22:34:17  <--  [200] POST http://localhost:8500/fpw/api/v1/stripeWebhook.cfc?method=handle [evt_1TYH0XDg8q5PBa988RcWIW3c]
2026-05-17 22:34:17   --> payment_method.attached [evt_1TYH0XDg8q5PBa98zYdlXcHZ]
2026-05-17 22:34:17  <--  [200] POST http://localhost:8500/fpw/api/v1/stripeWebhook.cfc?method=handle [evt_1TYH0XDg8q5PBa98zYdlXcHZ]
2026-05-17 22:34:17   --> customer.updated [evt_1TYH0XDg8q5PBa981EsRnSVg]
2026-05-17 22:34:17  <--  [200] POST http://localhost:8500/fpw/api/v1/stripeWebhook.cfc?method=handle [evt_1TYH0XDg8q5PBa981EsRnSVg]
2026-05-17 22:34:17   --> checkout.session.completed [evt_1TYH0XDg8q5PBa9882laBTTc]
2026-05-17 22:34:17  <--  [200] POST http://localhost:8500/fpw/api/v1/stripeWebhook.cfc?method=handle [evt_1TYH0XDg8q5PBa9882laBTTc]
2026-05-17 22:34:17   --> customer.subscription.created [evt_1TYH0XDg8q5PBa98lwgbeaRi]
2026-05-17 22:34:17  <--  [200] POST http://localhost:8500/fpw/api/v1/stripeWebhook.cfc?method=handle [evt_1TYH0XDg8q5PBa98lwgbeaRi]
2026-05-17 22:34:17   --> payment_intent.created [evt_3TYH0RDg8q5PBa983r6xkeJR]
2026-05-17 22:34:17   --> payment_intent.succeeded [evt_3TYH0RDg8q5PBa983cwez0cO]
2026-05-17 22:34:17  <--  [200] POST http://localhost:8500/fpw/api/v1/stripeWebhook.cfc?method=handle [evt_3TYH0RDg8q5PBa983r6xkeJR]
2026-05-17 22:34:17  <--  [200] POST http://localhost:8500/fpw/api/v1/stripeWebhook.cfc?method=handle [evt_3TYH0RDg8q5PBa983cwez0cO]
2026-05-17 22:34:17   --> charge.succeeded [evt_3TYH0RDg8q5PBa9835H0q94U]
2026-05-17 22:34:18  <--  [200] POST http://localhost:8500/fpw/api/v1/stripeWebhook.cfc?method=handle [evt_3TYH0RDg8q5PBa9835H0q94U]
2026-05-17 22:34:54   --> invoice_payment.paid [evt_1TYH18Dg8q5PBa98BprKzvAm]
2026-05-17 22:34:54  <--  [200] POST http://localhost:8500/fpw/api/v1/stripeWebhook.cfc?method=handle [evt_1TYH18Dg8q5PBa98BprKzvAm]
2026-05-17 22:52:13   --> invoice.payment_succeeded [evt_1TYHHtDg8q5PBa98nKIzRKlE]
2026-05-17 22:52:13   --> invoice.created [evt_1TYHHtDg8q5PBa98YlYIPX9t]
2026-05-17 22:52:13  <--  [200] POST http://localhost:8500/fpw/api/v1/stripeWebhook.cfc?method=handle [evt_1TYHHtDg8q5PBa98nKIzRKlE]
2026-05-17 22:52:13  <--  [200] POST http://localhost:8500/fpw/api/v1/stripeWebhook.cfc?method=handle [evt_1TYHHtDg8q5PBa98YlYIPX9t]
2026-05-17 22:52:13   --> checkout.session.completed [evt_1TYHHtDg8q5PBa98JhBkA87O]
2026-05-17 22:52:13  <--  [200] POST http://localhost:8500/fpw/api/v1/stripeWebhook.cfc?method=handle [evt_1TYHHtDg8q5PBa98JhBkA87O]
2026-05-17 22:52:13   --> invoice.finalized [evt_1TYHHtDg8q5PBa98D6pi9OM2]
2026-05-17 22:52:13  <--  [200] POST http://localhost:8500/fpw/api/v1/stripeWebhook.cfc?method=handle [evt_1TYHHtDg8q5PBa98D6pi9OM2]
2026-05-17 22:52:13   --> invoice.paid [evt_1TYHHtDg8q5PBa98MXeqRskX]
2026-05-17 22:52:13  <--  [200] POST http://localhost:8500/fpw/api/v1/stripeWebhook.cfc?method=handle [evt_1TYHHtDg8q5PBa98MXeqRskX]
2026-05-17 22:52:13   --> payment_method.attached [evt_1TYHHtDg8q5PBa98TVaBAuLN]
2026-05-17 22:52:13  <--  [200] POST http://localhost:8500/fpw/api/v1/stripeWebhook.cfc?method=handle [evt_1TYHHtDg8q5PBa98TVaBAuLN]
2026-05-17 22:52:14   --> customer.created [evt_1TYHHtDg8q5PBa98jrvEKZfl]
2026-05-17 22:52:14   --> customer.updated [evt_1TYHHtDg8q5PBa98A6Y7r6Bc]
2026-05-17 22:52:14  <--  [200] POST http://localhost:8500/fpw/api/v1/stripeWebhook.cfc?method=handle [evt_1TYHHtDg8q5PBa98jrvEKZfl]
2026-05-17 22:52:14  <--  [200] POST http://localhost:8500/fpw/api/v1/stripeWebhook.cfc?method=handle [evt_1TYHHtDg8q5PBa98A6Y7r6Bc]
2026-05-17 22:52:14   --> customer.subscription.created [evt_1TYHHuDg8q5PBa98Yh0A8ZCW]
2026-05-17 22:52:14   --> payment_intent.succeeded [evt_3TYHHoDg8q5PBa9846Rz7QRv]
2026-05-17 22:52:14  <--  [200] POST http://localhost:8500/fpw/api/v1/stripeWebhook.cfc?method=handle [evt_1TYHHuDg8q5PBa98Yh0A8ZCW]
2026-05-17 22:52:14  <--  [200] POST http://localhost:8500/fpw/api/v1/stripeWebhook.cfc?method=handle [evt_3TYHHoDg8q5PBa9846Rz7QRv]
2026-05-17 22:52:14   --> payment_intent.created [evt_3TYHHoDg8q5PBa984hpJFoCa]
2026-05-17 22:52:14  <--  [200] POST http://localhost:8500/fpw/api/v1/stripeWebhook.cfc?method=handle [evt_3TYHHoDg8q5PBa984hpJFoCa]
2026-05-17 22:52:14   --> charge.succeeded [evt_3TYHHoDg8q5PBa984Hsxm2E8]
2026-05-17 22:52:14  <--  [200] POST http://localhost:8500/fpw/api/v1/stripeWebhook.cfc?method=handle [evt_3TYHHoDg8q5PBa984Hsxm2E8]
2026-05-17 22:53:12   --> invoice_payment.paid [evt_1TYHIpDg8q5PBa98GdAWqn36]
2026-05-17 22:53:12  <--  [200] POST http://localhost:8500/fpw/api/v1/stripeWebhook.cfc?method=handle [evt_1TYHIpDg8q5PBa98GdAWqn36]
2026-05-17 22:59:23   --> invoice.payment_succeeded [evt_1TYHOpDg8q5PBa98xu10b5wU]
2026-05-17 22:59:23  <--  [200] POST http://localhost:8500/fpw/api/v1/stripeWebhook.cfc?method=handle [evt_1TYHOpDg8q5PBa98xu10b5wU]
2026-05-17 22:59:24   --> checkout.session.completed [evt_1TYHOpDg8q5PBa98sQ9s7VSz]
2026-05-17 22:59:24  <--  [200] POST http://localhost:8500/fpw/api/v1/stripeWebhook.cfc?method=handle [evt_1TYHOpDg8q5PBa98sQ9s7VSz]
2026-05-17 22:59:24   --> invoice.created [evt_1TYHOpDg8q5PBa98gEjI0RqZ]
2026-05-17 22:59:24   --> invoice.finalized [evt_1TYHOpDg8q5PBa98DuBTYrWb]
2026-05-17 22:59:24  <--  [200] POST http://localhost:8500/fpw/api/v1/stripeWebhook.cfc?method=handle [evt_1TYHOpDg8q5PBa98gEjI0RqZ]
2026-05-17 22:59:24  <--  [200] POST http://localhost:8500/fpw/api/v1/stripeWebhook.cfc?method=handle [evt_1TYHOpDg8q5PBa98DuBTYrWb]
2026-05-17 22:59:24   --> customer.created [evt_1TYHOqDg8q5PBa983o2602TX]
2026-05-17 22:59:24   --> invoice.paid [evt_1TYHOqDg8q5PBa988uJ6HRyj]
2026-05-17 22:59:24  <--  [200] POST http://localhost:8500/fpw/api/v1/stripeWebhook.cfc?method=handle [evt_1TYHOqDg8q5PBa988uJ6HRyj]
2026-05-17 22:59:24  <--  [200] POST http://localhost:8500/fpw/api/v1/stripeWebhook.cfc?method=handle [evt_1TYHOqDg8q5PBa983o2602TX]
2026-05-17 22:59:24   --> customer.updated [evt_1TYHOqDg8q5PBa98s7gf3sZY]
2026-05-17 22:59:24  <--  [200] POST http://localhost:8500/fpw/api/v1/stripeWebhook.cfc?method=handle [evt_1TYHOqDg8q5PBa98s7gf3sZY]
2026-05-17 22:59:24   --> customer.subscription.created [evt_1TYHOqDg8q5PBa98Jv9uZ75J]
2026-05-17 22:59:24  <--  [200] POST http://localhost:8500/fpw/api/v1/stripeWebhook.cfc?method=handle [evt_1TYHOqDg8q5PBa98Jv9uZ75J]
2026-05-17 23:09:11   --> checkout.session.completed [evt_1TYHYJDg8q5PBa98H1VIFCNe]
2026-05-17 23:09:11   --> invoice.payment_succeeded [evt_1TYHYJDg8q5PBa98t1Gtaxok]
2026-05-17 23:09:11   --> invoice.created [evt_1TYHYJDg8q5PBa989BMCuWeC]
2026-05-17 23:09:12  <--  [200] POST http://localhost:8500/fpw/api/v1/stripeWebhook.cfc?method=handle [evt_1TYHYJDg8q5PBa98H1VIFCNe]
2026-05-17 23:09:12  <--  [200] POST http://localhost:8500/fpw/api/v1/stripeWebhook.cfc?method=handle [evt_1TYHYJDg8q5PBa989BMCuWeC]
2026-05-17 23:09:12  <--  [200] POST http://localhost:8500/fpw/api/v1/stripeWebhook.cfc?method=handle [evt_1TYHYJDg8q5PBa98t1Gtaxok]
2026-05-17 23:09:12   --> invoice.finalized [evt_1TYHYJDg8q5PBa98KOpJfeIz]
2026-05-17 23:09:12  <--  [200] POST http://localhost:8500/fpw/api/v1/stripeWebhook.cfc?method=handle [evt_1TYHYJDg8q5PBa98KOpJfeIz]
2026-05-17 23:09:12   --> invoice.paid [evt_1TYHYKDg8q5PBa98aA5zZP93]
2026-05-17 23:09:12  <--  [200] POST http://localhost:8500/fpw/api/v1/stripeWebhook.cfc?method=handle [evt_1TYHYKDg8q5PBa98aA5zZP93]
2026-05-17 23:09:12   --> customer.created [evt_1TYHYKDg8q5PBa987UXxMFCd]
2026-05-17 23:09:12  <--  [200] POST http://localhost:8500/fpw/api/v1/stripeWebhook.cfc?method=handle [evt_1TYHYKDg8q5PBa987UXxMFCd]
2026-05-17 23:09:12   --> customer.updated [evt_1TYHYKDg8q5PBa98H7cjVYhO]
2026-05-17 23:09:12  <--  [200] POST http://localhost:8500/fpw/api/v1/stripeWebhook.cfc?method=handle [evt_1TYHYKDg8q5PBa98H7cjVYhO]
2026-05-17 23:09:12   --> customer.subscription.created [evt_1TYHYKDg8q5PBa98qEI6YFc3]
2026-05-17 23:09:12  <--  [200] POST http://localhost:8500/fpw/api/v1/stripeWebhook.cfc?method=handle [evt_1TYHYKDg8q5PBa98qEI6YFc3]
2026-05-17 23:14:21   --> invoice.payment_succeeded [evt_1TYHdJDg8q5PBa98kaHoRBGf]
2026-05-17 23:14:21  <--  [200] POST http://localhost:8500/fpw/api/v1/stripeWebhook.cfc?method=handle [evt_1TYHdJDg8q5PBa98kaHoRBGf]
2026-05-17 23:14:21   --> checkout.session.completed [evt_1TYHdJDg8q5PBa98WQZ8jbdB]
2026-05-17 23:14:21  <--  [200] POST http://localhost:8500/fpw/api/v1/stripeWebhook.cfc?method=handle [evt_1TYHdJDg8q5PBa98WQZ8jbdB]
2026-05-17 23:14:21   --> invoice.finalized [evt_1TYHdJDg8q5PBa98ewJVswHG]
2026-05-17 23:14:21  <--  [200] POST http://localhost:8500/fpw/api/v1/stripeWebhook.cfc?method=handle [evt_1TYHdJDg8q5PBa98ewJVswHG]
2026-05-17 23:14:21   --> invoice.created [evt_1TYHdJDg8q5PBa98ZWfHiK1p]
2026-05-17 23:14:21  <--  [200] POST http://localhost:8500/fpw/api/v1/stripeWebhook.cfc?method=handle [evt_1TYHdJDg8q5PBa98ZWfHiK1p]
2026-05-17 23:14:21   --> invoice.paid [evt_1TYHdJDg8q5PBa98kEe2lzgb]
2026-05-17 23:14:21  <--  [200] POST http://localhost:8500/fpw/api/v1/stripeWebhook.cfc?method=handle [evt_1TYHdJDg8q5PBa98kEe2lzgb]
2026-05-17 23:14:21   --> customer.created [evt_1TYHdJDg8q5PBa98CoM24nk3]
2026-05-17 23:14:21  <--  [200] POST http://localhost:8500/fpw/api/v1/stripeWebhook.cfc?method=handle [evt_1TYHdJDg8q5PBa98CoM24nk3]
2026-05-17 23:14:22   --> customer.updated [evt_1TYHdJDg8q5PBa98JApKw6Ih]
2026-05-17 23:14:22  <--  [200] POST http://localhost:8500/fpw/api/v1/stripeWebhook.cfc?method=handle [evt_1TYHdJDg8q5PBa98JApKw6Ih]
2026-05-17 23:14:22   --> customer.subscription.created [evt_1TYHdJDg8q5PBa98jefi6JOD]
2026-05-17 23:14:22  <--  [200] POST http://localhost:8500/fpw/api/v1/stripeWebhook.cfc?method=handle [evt_1TYHdJDg8q5PBa98jefi6JOD]
2026-05-17 23:18:31   --> invoice.payment_succeeded [evt_1TYHhLDg8q5PBa98V8VIxarz]
2026-05-17 23:18:31  <--  [200] POST http://localhost:8500/fpw/api/v1/stripeWebhook.cfc?method=handle [evt_1TYHhLDg8q5PBa98V8VIxarz]
2026-05-17 23:18:31   --> invoice.created [evt_1TYHhLDg8q5PBa98acMtAURB]
2026-05-17 23:18:31  <--  [200] POST http://localhost:8500/fpw/api/v1/stripeWebhook.cfc?method=handle [evt_1TYHhLDg8q5PBa98acMtAURB]
2026-05-17 23:18:31   --> invoice.finalized [evt_1TYHhLDg8q5PBa98u1AKOxVe]
2026-05-17 23:18:31  <--  [200] POST http://localhost:8500/fpw/api/v1/stripeWebhook.cfc?method=handle [evt_1TYHhLDg8q5PBa98u1AKOxVe]
2026-05-17 23:18:31   --> payment_method.attached [evt_1TYHhLDg8q5PBa98iSaSe34a]
2026-05-17 23:18:31   --> invoice.paid [evt_1TYHhLDg8q5PBa98hbOp9Sj8]
2026-05-17 23:18:31  <--  [200] POST http://localhost:8500/fpw/api/v1/stripeWebhook.cfc?method=handle [evt_1TYHhLDg8q5PBa98iSaSe34a]
2026-05-17 23:18:31  <--  [200] POST http://localhost:8500/fpw/api/v1/stripeWebhook.cfc?method=handle [evt_1TYHhLDg8q5PBa98hbOp9Sj8]
2026-05-17 23:18:31   --> customer.updated [evt_1TYHhLDg8q5PBa98thjNNNX2]
2026-05-17 23:18:32   --> customer.created [evt_1TYHhLDg8q5PBa98WCFeVrVU]
2026-05-17 23:18:32  <--  [200] POST http://localhost:8500/fpw/api/v1/stripeWebhook.cfc?method=handle [evt_1TYHhLDg8q5PBa98thjNNNX2]
2026-05-17 23:18:32  <--  [200] POST http://localhost:8500/fpw/api/v1/stripeWebhook.cfc?method=handle [evt_1TYHhLDg8q5PBa98WCFeVrVU]
2026-05-17 23:18:32   --> customer.subscription.created [evt_1TYHhLDg8q5PBa98gisRjYFm]
2026-05-17 23:18:32   --> checkout.session.completed [evt_1TYHhLDg8q5PBa98UdAwlLxk]
2026-05-17 23:18:32   --> payment_intent.succeeded [evt_3TYHhGDg8q5PBa983rut4eEF]
2026-05-17 23:18:32  <--  [200] POST http://localhost:8500/fpw/api/v1/stripeWebhook.cfc?method=handle [evt_3TYHhGDg8q5PBa983rut4eEF]
2026-05-17 23:18:32  <--  [200] POST http://localhost:8500/fpw/api/v1/stripeWebhook.cfc?method=handle [evt_1TYHhLDg8q5PBa98gisRjYFm]
2026-05-17 23:18:32  <--  [200] POST http://localhost:8500/fpw/api/v1/stripeWebhook.cfc?method=handle [evt_1TYHhLDg8q5PBa98UdAwlLxk]
2026-05-17 23:18:32   --> payment_intent.created [evt_3TYHhGDg8q5PBa9835UL9885]
2026-05-17 23:18:32  <--  [200] POST http://localhost:8500/fpw/api/v1/stripeWebhook.cfc?method=handle [evt_3TYHhGDg8q5PBa9835UL9885]
2026-05-17 23:18:32   --> charge.succeeded [evt_3TYHhGDg8q5PBa983YTQcBFA]
2026-05-17 23:18:32  <--  [200] POST http://localhost:8500/fpw/api/v1/stripeWebhook.cfc?method=handle [evt_3TYHhGDg8q5PBa983YTQcBFA]
2026-05-17 23:19:08   --> invoice_payment.paid [evt_1TYHhwDg8q5PBa98aoJkDF6m]
2026-05-17 23:19:08  <--  [200] POST http://localhost:8500/fpw/api/v1/stripeWebhook.cfc?method=handle [evt_1TYHhwDg8q5PBa98aoJkDF6m]
2026-05-17 23:19:11   --> invoice_payment.paid [evt_1TYHhzDg8q5PBa98OIxysZDA]
2026-05-17 23:19:11  <--  [200] POST http://localhost:8500/fpw/api/v1/stripeWebhook.cfc?method=handle [evt_1TYHhzDg8q5PBa98OIxysZDA]
2026-05-17 23:20:00   --> billing_portal.session.created [evt_1TYHilDg8q5PBa98dQKxd8V2]
2026-05-17 23:20:00  <--  [200] POST http://localhost:8500/fpw/api/v1/stripeWebhook.cfc?method=handle [evt_1TYHilDg8q5PBa98dQKxd8V2]
2026-05-17 23:20:08   --> setup_intent.created [evt_1TYHiuDg8q5PBa98F2KJ28zY]
2026-05-17 23:20:08  <--  [200] POST http://localhost:8500/fpw/api/v1/stripeWebhook.cfc?method=handle [evt_1TYHiuDg8q5PBa98F2KJ28zY]
2026-05-17 23:21:30   --> invoice.payment_succeeded [evt_1TYHkEDg8q5PBa985WpeL3tn]
2026-05-17 23:21:30   --> checkout.session.completed [evt_1TYHkEDg8q5PBa98cI2oVgsw]
2026-05-17 23:21:30  <--  [200] POST http://localhost:8500/fpw/api/v1/stripeWebhook.cfc?method=handle [evt_1TYHkEDg8q5PBa985WpeL3tn]
2026-05-17 23:21:30   --> invoice.created [evt_1TYHkEDg8q5PBa98GQDoVzGE]
2026-05-17 23:21:30  <--  [200] POST http://localhost:8500/fpw/api/v1/stripeWebhook.cfc?method=handle [evt_1TYHkEDg8q5PBa98GQDoVzGE]
2026-05-17 23:21:30  <--  [200] POST http://localhost:8500/fpw/api/v1/stripeWebhook.cfc?method=handle [evt_1TYHkEDg8q5PBa98cI2oVgsw]
2026-05-17 23:21:31   --> invoice.finalized [evt_1TYHkEDg8q5PBa98AYA2kCjm]
2026-05-17 23:21:31   --> invoice.paid [evt_1TYHkFDg8q5PBa987GYBoFyt]
2026-05-17 23:21:31  <--  [200] POST http://localhost:8500/fpw/api/v1/stripeWebhook.cfc?method=handle [evt_1TYHkFDg8q5PBa987GYBoFyt]
2026-05-17 23:21:31  <--  [200] POST http://localhost:8500/fpw/api/v1/stripeWebhook.cfc?method=handle [evt_1TYHkEDg8q5PBa98AYA2kCjm]
2026-05-17 23:21:31   --> customer.created [evt_1TYHkFDg8q5PBa98dWey8Tpe]
2026-05-17 23:21:31   --> customer.updated [evt_1TYHkFDg8q5PBa983JYVMs0W]
2026-05-17 23:21:31  <--  [200] POST http://localhost:8500/fpw/api/v1/stripeWebhook.cfc?method=handle [evt_1TYHkFDg8q5PBa98dWey8Tpe]
2026-05-17 23:21:31   --> customer.subscription.created [evt_1TYHkFDg8q5PBa98QQbSTQKN]
2026-05-17 23:21:31  <--  [200] POST http://localhost:8500/fpw/api/v1/stripeWebhook.cfc?method=handle [evt_1TYHkFDg8q5PBa983JYVMs0W]
2026-05-17 23:21:31  <--  [200] POST http://localhost:8500/fpw/api/v1/stripeWebhook.cfc?method=handle [evt_1TYHkFDg8q5PBa98QQbSTQKN]
2026-05-17 23:25:00   --> invoice.payment_succeeded [evt_1TYHncDg8q5PBa98a122pj2p]
2026-05-17 23:25:00  <--  [200] POST http://localhost:8500/fpw/api/v1/stripeWebhook.cfc?method=handle [evt_1TYHncDg8q5PBa98a122pj2p]
2026-05-17 23:25:01   --> checkout.session.completed [evt_1TYHncDg8q5PBa98zeNlvdC3]
2026-05-17 23:25:01   --> invoice.created [evt_1TYHncDg8q5PBa98ZeYWW4UH]
2026-05-17 23:25:01  <--  [200] POST http://localhost:8500/fpw/api/v1/stripeWebhook.cfc?method=handle [evt_1TYHncDg8q5PBa98zeNlvdC3]
2026-05-17 23:25:01   --> invoice.finalized [evt_1TYHndDg8q5PBa98oDTNgFUS]
2026-05-17 23:25:01  <--  [200] POST http://localhost:8500/fpw/api/v1/stripeWebhook.cfc?method=handle [evt_1TYHncDg8q5PBa98ZeYWW4UH]
2026-05-17 23:25:01  <--  [200] POST http://localhost:8500/fpw/api/v1/stripeWebhook.cfc?method=handle [evt_1TYHndDg8q5PBa98oDTNgFUS]
2026-05-17 23:25:01   --> invoice.paid [evt_1TYHndDg8q5PBa98iqFpf2w1]
2026-05-17 23:25:01  <--  [200] POST http://localhost:8500/fpw/api/v1/stripeWebhook.cfc?method=handle [evt_1TYHndDg8q5PBa98iqFpf2w1]
2026-05-17 23:25:01   --> customer.updated [evt_1TYHndDg8q5PBa98bxsdEqR0]
2026-05-17 23:25:01  <--  [200] POST http://localhost:8500/fpw/api/v1/stripeWebhook.cfc?method=handle [evt_1TYHndDg8q5PBa98bxsdEqR0]
2026-05-17 23:25:01   --> customer.created [evt_1TYHndDg8q5PBa98stSNi2FH]
2026-05-17 23:25:01  <--  [200] POST http://localhost:8500/fpw/api/v1/stripeWebhook.cfc?method=handle [evt_1TYHndDg8q5PBa98stSNi2FH]
2026-05-17 23:25:01   --> customer.subscription.created [evt_1TYHndDg8q5PBa98h9xbsXtu]
2026-05-17 23:25:01  <--  [200] POST http://localhost:8500/fpw/api/v1/stripeWebhook.cfc?method=handle [evt_1TYHndDg8q5PBa98h9xbsXtu]
2026-05-17 23:33:46   --> checkout.session.completed [evt_1TYHw6Dg8q5PBa98ypx8Pg5A]
2026-05-17 23:33:46  <--  [200] POST http://localhost:8500/fpw/api/v1/stripeWebhook.cfc?method=handle [evt_1TYHw6Dg8q5PBa98ypx8Pg5A]
2026-05-17 23:33:46   --> invoice.created [evt_1TYHw6Dg8q5PBa98gXg55SSW]
2026-05-17 23:33:46  <--  [200] POST http://localhost:8500/fpw/api/v1/stripeWebhook.cfc?method=handle [evt_1TYHw6Dg8q5PBa98gXg55SSW]
2026-05-17 23:33:46   --> invoice.payment_succeeded [evt_1TYHw6Dg8q5PBa981fKG8URW]
2026-05-17 23:33:46  <--  [200] POST http://localhost:8500/fpw/api/v1/stripeWebhook.cfc?method=handle [evt_1TYHw6Dg8q5PBa981fKG8URW]
2026-05-17 23:33:46   --> invoice.finalized [evt_1TYHw6Dg8q5PBa98MWZBnK6W]
2026-05-17 23:33:46  <--  [200] POST http://localhost:8500/fpw/api/v1/stripeWebhook.cfc?method=handle [evt_1TYHw6Dg8q5PBa98MWZBnK6W]
2026-05-17 23:33:47   --> customer.created [evt_1TYHw6Dg8q5PBa98zoThQFo7]
2026-05-17 23:33:47  <--  [200] POST http://localhost:8500/fpw/api/v1/stripeWebhook.cfc?method=handle [evt_1TYHw6Dg8q5PBa98zoThQFo7]
2026-05-17 23:33:47   --> customer.updated [evt_1TYHw7Dg8q5PBa98yrdIxi6C]
2026-05-17 23:33:47   --> invoice.paid [evt_1TYHw6Dg8q5PBa98B5sv0jSd]
2026-05-17 23:33:47  <--  [200] POST http://localhost:8500/fpw/api/v1/stripeWebhook.cfc?method=handle [evt_1TYHw7Dg8q5PBa98yrdIxi6C]
2026-05-17 23:33:47  <--  [200] POST http://localhost:8500/fpw/api/v1/stripeWebhook.cfc?method=handle [evt_1TYHw6Dg8q5PBa98B5sv0jSd]
2026-05-17 23:33:47   --> customer.subscription.created [evt_1TYHw7Dg8q5PBa98uyFJrns3]
2026-05-17 23:33:47  <--  [200] POST http://localhost:8500/fpw/api/v1/stripeWebhook.cfc?method=handle [evt_1TYHw7Dg8q5PBa98uyFJrns3]
2026-05-17 23:35:53   --> invoice.created [evt_1TYHy9Dg8q5PBa98kFyfkoNR]
2026-05-17 23:35:53   --> invoice.payment_succeeded [evt_1TYHy9Dg8q5PBa98X4Z8qnJe]
2026-05-17 23:35:53  <--  [200] POST http://localhost:8500/fpw/api/v1/stripeWebhook.cfc?method=handle [evt_1TYHy9Dg8q5PBa98kFyfkoNR]
2026-05-17 23:35:53  <--  [200] POST http://localhost:8500/fpw/api/v1/stripeWebhook.cfc?method=handle [evt_1TYHy9Dg8q5PBa98X4Z8qnJe]
2026-05-17 23:35:53   --> invoice.finalized [evt_1TYHy9Dg8q5PBa98V0Y9nA0J]
2026-05-17 23:35:53  <--  [200] POST http://localhost:8500/fpw/api/v1/stripeWebhook.cfc?method=handle [evt_1TYHy9Dg8q5PBa98V0Y9nA0J]
2026-05-17 23:35:53   --> invoice.paid [evt_1TYHy9Dg8q5PBa98B5yQ9vLk]
2026-05-17 23:35:53  <--  [200] POST http://localhost:8500/fpw/api/v1/stripeWebhook.cfc?method=handle [evt_1TYHy9Dg8q5PBa98B5yQ9vLk]
2026-05-17 23:35:53   --> payment_method.attached [evt_1TYHy9Dg8q5PBa98l9DxLENZ]
2026-05-17 23:35:53  <--  [200] POST http://localhost:8500/fpw/api/v1/stripeWebhook.cfc?method=handle [evt_1TYHy9Dg8q5PBa98l9DxLENZ]
2026-05-17 23:35:54   --> customer.created [evt_1TYHy9Dg8q5PBa98Hyq84e9a]
2026-05-17 23:35:54  <--  [200] POST http://localhost:8500/fpw/api/v1/stripeWebhook.cfc?method=handle [evt_1TYHy9Dg8q5PBa98Hyq84e9a]
2026-05-17 23:35:54   --> customer.updated [evt_1TYHy9Dg8q5PBa98m86mj9rO]
2026-05-17 23:35:54  <--  [200] POST http://localhost:8500/fpw/api/v1/stripeWebhook.cfc?method=handle [evt_1TYHy9Dg8q5PBa98m86mj9rO]
2026-05-17 23:35:54   --> customer.subscription.created [evt_1TYHyADg8q5PBa98iAwQxOXw]
2026-05-17 23:35:54  <--  [200] POST http://localhost:8500/fpw/api/v1/stripeWebhook.cfc?method=handle [evt_1TYHyADg8q5PBa98iAwQxOXw]
2026-05-17 23:35:54   --> payment_intent.succeeded [evt_3TYHy5Dg8q5PBa980SnYvwMX]
2026-05-17 23:35:54  <--  [200] POST http://localhost:8500/fpw/api/v1/stripeWebhook.cfc?method=handle [evt_3TYHy5Dg8q5PBa980SnYvwMX]
2026-05-17 23:35:54   --> payment_intent.created [evt_3TYHy5Dg8q5PBa980ZdMKgO0]
2026-05-17 23:35:54  <--  [200] POST http://localhost:8500/fpw/api/v1/stripeWebhook.cfc?method=handle [evt_3TYHy5Dg8q5PBa980ZdMKgO0]
2026-05-17 23:35:54   --> charge.succeeded [evt_3TYHy5Dg8q5PBa980yXEy4eL]
2026-05-17 23:35:54  <--  [200] POST http://localhost:8500/fpw/api/v1/stripeWebhook.cfc?method=handle [evt_3TYHy5Dg8q5PBa980yXEy4eL]
2026-05-17 23:35:54   --> checkout.session.completed [evt_1TYHyADg8q5PBa98rvYqdlkM]
2026-05-17 23:35:54  <--  [200] POST http://localhost:8500/fpw/api/v1/stripeWebhook.cfc?method=handle [evt_1TYHyADg8q5PBa98rvYqdlkM]
2026-05-17 23:36:44   --> invoice_payment.paid [evt_1TYHyyDg8q5PBa98i6Z9x4oA]
2026-05-17 23:36:44  <--  [200] POST http://localhost:8500/fpw/api/v1/stripeWebhook.cfc?method=handle [evt_1TYHyyDg8q5PBa98i6Z9x4oA]
2026-05-17 23:46:32   --> billing_portal.session.created [evt_1TYI8SDg8q5PBa984pOvRjJ1]
2026-05-17 23:46:32  <--  [200] POST http://localhost:8500/fpw/api/v1/stripeWebhook.cfc?method=handle [evt_1TYI8SDg8q5PBa984pOvRjJ1]
2026-05-17 23:48:13   --> invoice.payment_succeeded [evt_1TYIA5Dg8q5PBa98VLGRvdSF]
2026-05-17 23:48:13  <--  [200] POST http://localhost:8500/fpw/api/v1/stripeWebhook.cfc?method=handle [evt_1TYIA5Dg8q5PBa98VLGRvdSF]
2026-05-17 23:48:13   --> invoice.created [evt_1TYIA5Dg8q5PBa986hpqqCm0]
2026-05-17 23:48:13  <--  [200] POST http://localhost:8500/fpw/api/v1/stripeWebhook.cfc?method=handle [evt_1TYIA5Dg8q5PBa986hpqqCm0]
2026-05-17 23:48:13   --> checkout.session.completed [evt_1TYIA5Dg8q5PBa98hPxQ0Ome]
2026-05-17 23:48:13   --> invoice.finalized [evt_1TYIA5Dg8q5PBa98e5K0o1z7]
2026-05-17 23:48:13  <--  [200] POST http://localhost:8500/fpw/api/v1/stripeWebhook.cfc?method=handle [evt_1TYIA5Dg8q5PBa98hPxQ0Ome]
2026-05-17 23:48:13  <--  [200] POST http://localhost:8500/fpw/api/v1/stripeWebhook.cfc?method=handle [evt_1TYIA5Dg8q5PBa98e5K0o1z7]
2026-05-17 23:48:13   --> invoice.paid [evt_1TYIA5Dg8q5PBa98eLwEnTPy]
2026-05-17 23:48:13  <--  [200] POST http://localhost:8500/fpw/api/v1/stripeWebhook.cfc?method=handle [evt_1TYIA5Dg8q5PBa98eLwEnTPy]
2026-05-17 23:48:13   --> payment_method.attached [evt_1TYIA5Dg8q5PBa98Iw2BNyYW]
2026-05-17 23:48:13  <--  [200] POST http://localhost:8500/fpw/api/v1/stripeWebhook.cfc?method=handle [evt_1TYIA5Dg8q5PBa98Iw2BNyYW]
2026-05-17 23:48:14   --> customer.updated [evt_1TYIA5Dg8q5PBa98njYx98h5]
2026-05-17 23:48:14  <--  [200] POST http://localhost:8500/fpw/api/v1/stripeWebhook.cfc?method=handle [evt_1TYIA5Dg8q5PBa98njYx98h5]
2026-05-17 23:48:14   --> customer.created [evt_1TYIA5Dg8q5PBa98AHA4KQdo]
2026-05-17 23:48:14  <--  [200] POST http://localhost:8500/fpw/api/v1/stripeWebhook.cfc?method=handle [evt_1TYIA5Dg8q5PBa98AHA4KQdo]
2026-05-17 23:48:14   --> customer.subscription.created [evt_1TYIA6Dg8q5PBa98vMYCGEoz]
2026-05-17 23:48:14  <--  [200] POST http://localhost:8500/fpw/api/v1/stripeWebhook.cfc?method=handle [evt_1TYIA6Dg8q5PBa98vMYCGEoz]
2026-05-17 23:48:14   --> payment_intent.succeeded [evt_3TYIA1Dg8q5PBa982gtHrJ2m]
2026-05-17 23:48:14  <--  [200] POST http://localhost:8500/fpw/api/v1/stripeWebhook.cfc?method=handle [evt_3TYIA1Dg8q5PBa982gtHrJ2m]
2026-05-17 23:48:14   --> payment_intent.created [evt_3TYIA1Dg8q5PBa982mlm2MKY]
2026-05-17 23:48:14  <--  [200] POST http://localhost:8500/fpw/api/v1/stripeWebhook.cfc?method=handle [evt_3TYIA1Dg8q5PBa982mlm2MKY]
2026-05-17 23:48:14   --> charge.succeeded [evt_3TYIA1Dg8q5PBa982NIpmRCL]
2026-05-17 23:48:14  <--  [200] POST http://localhost:8500/fpw/api/v1/stripeWebhook.cfc?method=handle [evt_3TYIA1Dg8q5PBa982NIpmRCL]
2026-05-17 23:48:27   --> invoice_payment.paid [evt_1TYIAJDg8q5PBa98e5m8B199]
2026-05-17 23:48:27  <--  [200] POST http://localhost:8500/fpw/api/v1/stripeWebhook.cfc?method=handle [evt_1TYIAJDg8q5PBa98e5m8B199]
2026-05-17 23:53:34   --> invoice.payment_succeeded [evt_1TYIFGDg8q5PBa98sRir4iqA]
2026-05-17 23:53:34  <--  [200] POST http://localhost:8500/fpw/api/v1/stripeWebhook.cfc?method=handle [evt_1TYIFGDg8q5PBa98sRir4iqA]
2026-05-17 23:53:34   --> invoice.created [evt_1TYIFGDg8q5PBa98D65A0QPA]
2026-05-17 23:53:34  <--  [200] POST http://localhost:8500/fpw/api/v1/stripeWebhook.cfc?method=handle [evt_1TYIFGDg8q5PBa98D65A0QPA]
2026-05-17 23:53:34   --> checkout.session.completed [evt_1TYIFGDg8q5PBa98MDReyTtJ]
2026-05-17 23:53:34  <--  [200] POST http://localhost:8500/fpw/api/v1/stripeWebhook.cfc?method=handle [evt_1TYIFGDg8q5PBa98MDReyTtJ]
2026-05-17 23:53:34   --> invoice.finalized [evt_1TYIFGDg8q5PBa98ldtJmoGq]
2026-05-17 23:53:34  <--  [200] POST http://localhost:8500/fpw/api/v1/stripeWebhook.cfc?method=handle [evt_1TYIFGDg8q5PBa98ldtJmoGq]
2026-05-17 23:53:34   --> invoice.paid [evt_1TYIFGDg8q5PBa98ahdwvU2y]
2026-05-17 23:53:34  <--  [200] POST http://localhost:8500/fpw/api/v1/stripeWebhook.cfc?method=handle [evt_1TYIFGDg8q5PBa98ahdwvU2y]
2026-05-17 23:53:34   --> customer.created [evt_1TYIFGDg8q5PBa98P8vP3tMf]
2026-05-17 23:53:34  <--  [200] POST http://localhost:8500/fpw/api/v1/stripeWebhook.cfc?method=handle [evt_1TYIFGDg8q5PBa98P8vP3tMf]
2026-05-17 23:53:34   --> customer.updated [evt_1TYIFGDg8q5PBa98M580gUcS]
2026-05-17 23:53:34  <--  [200] POST http://localhost:8500/fpw/api/v1/stripeWebhook.cfc?method=handle [evt_1TYIFGDg8q5PBa98M580gUcS]
2026-05-17 23:53:34   --> customer.subscription.created [evt_1TYIFGDg8q5PBa98LyG8vpBn]
2026-05-17 23:53:35  <--  [200] POST http://localhost:8500/fpw/api/v1/stripeWebhook.cfc?method=handle [evt_1TYIFGDg8q5PBa98LyG8vpBn]
time="Mon, 18 May 2026 00:03:24 EDT" level=error msg="Error when writing ping message: websocket: close sent" prefix=websocket.Client.writePump
time="Mon, 18 May 2026 00:55:19 EDT" level=error msg="Error when writing ping message: websocket: close sent" prefix=websocket.Client.writePump
time="Mon, 18 May 2026 02:27:05 EDT" level=error msg="Error when writing ping message: websocket: close sent" prefix=websocket.Client.writePump
time="Mon, 18 May 2026 03:06:59 EDT" level=error msg="Error when writing ping message: websocket: close sent" prefix=websocket.Client.writePump
time="Mon, 18 May 2026 04:46:43 EDT" level=error msg="Error when writing ping message: websocket: close sent" prefix=websocket.Client.writePump
time="Mon, 18 May 2026 07:14:20 EDT" level=error msg="Error when writing ping message: websocket: close sent" prefix=websocket.Client.writePump
2026-05-18 08:59:16   --> billing_portal.session.created [evt_1TYQlMDg8q5PBa98hYOHXwDo]
2026-05-18 08:59:16  <--  [200] POST http://localhost:8500/fpw/api/v1/stripeWebhook.cfc?method=handle [evt_1TYQlMDg8q5PBa98hYOHXwDo]
2026-05-18 09:44:42   --> billing_portal.session.created [evt_1TYRTKDg8q5PBa98mUW2UjGl]
2026-05-18 09:44:42  <--  [200] POST http://localhost:8500/fpw/api/v1/stripeWebhook.cfc?method=handle [evt_1TYRTKDg8q5PBa98mUW2UjGl]
2026-05-18 09:44:48   --> setup_intent.created [evt_1TYRTQDg8q5PBa98arDW9Np8]
2026-05-18 09:44:49  <--  [200] POST http://localhost:8500/fpw/api/v1/stripeWebhook.cfc?method=handle [evt_1TYRTQDg8q5PBa98arDW9Np8]
2026-05-18 09:46:52   --> payment_method.attached [evt_1TYRVPDg8q5PBa98ekIGKCho]
2026-05-18 09:46:52   --> setup_intent.succeeded [evt_1TYRVQDg8q5PBa982lBt9buj]
2026-05-18 09:46:52  <--  [200] POST http://localhost:8500/fpw/api/v1/stripeWebhook.cfc?method=handle [evt_1TYRVPDg8q5PBa98ekIGKCho]
2026-05-18 09:46:52  <--  [200] POST http://localhost:8500/fpw/api/v1/stripeWebhook.cfc?method=handle [evt_1TYRVQDg8q5PBa982lBt9buj]
2026-05-18 09:46:53   --> customer.updated [evt_1TYRVRDg8q5PBa98FD0ECQIy]
2026-05-18 09:46:53  <--  [200] POST http://localhost:8500/fpw/api/v1/stripeWebhook.cfc?method=handle [evt_1TYRVRDg8q5PBa98FD0ECQIy]
2026-05-18 09:46:53   --> customer.subscription.updated [evt_1TYRVRDg8q5PBa98RLqYMXW0]
2026-05-18 09:46:53  <--  [200] POST http://localhost:8500/fpw/api/v1/stripeWebhook.cfc?method=handle [evt_1TYRVRDg8q5PBa98RLqYMXW0]
2026-05-18 09:47:11   --> billing_portal.session.created [evt_1TYRVjDg8q5PBa98fXjAMsjr]
2026-05-18 09:47:11  <--  [200] POST http://localhost:8500/fpw/api/v1/stripeWebhook.cfc?method=handle [evt_1TYRVjDg8q5PBa98fXjAMsjr]
2026-05-18 10:05:24   --> billing_portal.session.created [evt_1TYRnMDg8q5PBa98oWdWg6UG]
2026-05-18 10:05:24  <--  [200] POST http://localhost:8500/fpw/api/v1/stripeWebhook.cfc?method=handle [evt_1TYRnMDg8q5PBa98oWdWg6UG]
time="Mon, 18 May 2026 10:05:57 EDT" level=error msg="Error when writing ping message: websocket: close sent" prefix=websocket.Client.writePump
time="Mon, 18 May 2026 11:05:48 EDT" level=error msg="Error when writing ping message: websocket: close sent" prefix=websocket.Client.writePump
2026-05-18 11:20:13   --> setup_intent.canceled [evt_1TYSxkDg8q5PBa98L2CYuJzK]
2026-05-18 11:20:13  <--  [200] POST http://localhost:8500/fpw/api/v1/stripeWebhook.cfc?method=handle [evt_1TYSxkDg8q5PBa98L2CYuJzK]
2026-05-18 11:25:09   --> invoice.payment_succeeded [evt_1TYT2XDg8q5PBa982TUsmNy2]
2026-05-18 11:25:09  <--  [200] POST http://localhost:8500/fpw/api/v1/stripeWebhook.cfc?method=handle [evt_1TYT2XDg8q5PBa982TUsmNy2]
2026-05-18 11:25:09   --> checkout.session.completed [evt_1TYT2XDg8q5PBa985XNWZa5c]
2026-05-18 11:25:09  <--  [200] POST http://localhost:8500/fpw/api/v1/stripeWebhook.cfc?method=handle [evt_1TYT2XDg8q5PBa985XNWZa5c]
2026-05-18 11:25:09   --> invoice.created [evt_1TYT2XDg8q5PBa987frJTi4G]
2026-05-18 11:25:09  <--  [200] POST http://localhost:8500/fpw/api/v1/stripeWebhook.cfc?method=handle [evt_1TYT2XDg8q5PBa987frJTi4G]
2026-05-18 11:25:09   --> invoice.finalized [evt_1TYT2XDg8q5PBa98E60AGEsg]
2026-05-18 11:25:09  <--  [200] POST http://localhost:8500/fpw/api/v1/stripeWebhook.cfc?method=handle [evt_1TYT2XDg8q5PBa98E60AGEsg]
2026-05-18 11:25:10   --> invoice.paid [evt_1TYT2XDg8q5PBa98VfIouDdp]
2026-05-18 11:25:10  <--  [200] POST http://localhost:8500/fpw/api/v1/stripeWebhook.cfc?method=handle [evt_1TYT2XDg8q5PBa98VfIouDdp]
2026-05-18 11:25:10   --> customer.created [evt_1TYT2XDg8q5PBa98wzAjea3U]
2026-05-18 11:25:10  <--  [200] POST http://localhost:8500/fpw/api/v1/stripeWebhook.cfc?method=handle [evt_1TYT2XDg8q5PBa98wzAjea3U]
2026-05-18 11:25:10   --> customer.updated [evt_1TYT2YDg8q5PBa98N5VKbTMX]
2026-05-18 11:25:10  <--  [200] POST http://localhost:8500/fpw/api/v1/stripeWebhook.cfc?method=handle [evt_1TYT2YDg8q5PBa98N5VKbTMX]
2026-05-18 11:25:10   --> customer.subscription.created [evt_1TYT2YDg8q5PBa98yQKl7g2v]
2026-05-18 11:25:10  <--  [200] POST http://localhost:8500/fpw/api/v1/stripeWebhook.cfc?method=handle [evt_1TYT2YDg8q5PBa98yQKl7g2v]
2026-05-18 11:25:22   --> billing_portal.session.created [evt_1TYT2kDg8q5PBa98LHKJlUc1]
2026-05-18 11:25:22  <--  [200] POST http://localhost:8500/fpw/api/v1/stripeWebhook.cfc?method=handle [evt_1TYT2kDg8q5PBa98LHKJlUc1]
time="Mon, 18 May 2026 14:33:20 EDT" level=error msg="Error when writing ping message: websocket: close sent" prefix=websocket.Client.writePump
2026-05-18 14:42:17   --> billing_portal.session.created [evt_1TYW7JDg8q5PBa98XVXcEsCk]
2026-05-18 14:42:17  <--  [200] POST http://localhost:8500/fpw/api/v1/stripeWebhook.cfc?method=handle [evt_1TYW7JDg8q5PBa98XVXcEsCk]
time="Mon, 18 May 2026 16:01:09 EDT" level=error msg="Error when writing ping message: websocket: close sent" prefix=websocket.Client.writePump
time="Mon, 18 May 2026 18:19:53 EDT" level=error msg="Error when writing ping message: websocket: close sent" prefix=websocket.Client.writePump
2026-05-18 19:07:22   --> billing_portal.session.created [evt_1TYaFqDg8q5PBa98sE53HaXz]
2026-05-18 19:07:22  <--  [400] POST http://localhost:8500/fpw/api/v1/stripeWebhook.cfc?method=handle [evt_1TYaFqDg8q5PBa98sE53HaXz]
2026-05-18 21:22:08   --> checkout.session.expired [evt_1TYcMGDg8q5PBa981CLrQPLx]
2026-05-18 21:22:08  <--  [400] POST http://localhost:8500/fpw/api/v1/stripeWebhook.cfc?method=handle [evt_1TYcMGDg8q5PBa981CLrQPLx]
2026-05-18 21:22:31   --> payment_intent.canceled [evt_3TYFtgDg8q5PBa983TsHxM0h]
2026-05-18 21:22:31  <--  [400] POST http://localhost:8500/fpw/api/v1/stripeWebhook.cfc?method=handle [evt_3TYFtgDg8q5PBa983TsHxM0h]
2026-05-18 21:22:32   --> checkout.session.expired [evt_1TYcMeDg8q5PBa98wREcElVS]
2026-05-18 21:22:32  <--  [400] POST http://localhost:8500/fpw/api/v1/stripeWebhook.cfc?method=handle [evt_1TYcMeDg8q5PBa98wREcElVS]
2026-05-18 21:25:31   --> checkout.session.expired [evt_1TYcPXDg8q5PBa98UAqnnCsV]
2026-05-18 21:25:31  <--  [400] POST http://localhost:8500/fpw/api/v1/stripeWebhook.cfc?method=handle [evt_1TYcPXDg8q5PBa98UAqnnCsV]
2026-05-18 22:47:05   --> billing_portal.session.created [evt_1TYdgTDg8q5PBa98X2jbrRP2]
2026-05-18 22:47:05  <--  [400] POST http://localhost:8500/fpw/api/v1/stripeWebhook.cfc?method=handle [evt_1TYdgTDg8q5PBa98X2jbrRP2]
2026-05-18 22:47:12   --> setup_intent.created [evt_1TYdgZDg8q5PBa98k3WnK5L9]
2026-05-18 22:47:12  <--  [400] POST http://localhost:8500/fpw/api/v1/stripeWebhook.cfc?method=handle [evt_1TYdgZDg8q5PBa98k3WnK5L9]
2026-05-18 22:47:56   --> payment_method.attached [evt_1TYdhHDg8q5PBa981DQJRvLa]
2026-05-18 22:47:56  <--  [400] POST http://localhost:8500/fpw/api/v1/stripeWebhook.cfc?method=handle [evt_1TYdhHDg8q5PBa981DQJRvLa]
2026-05-18 22:47:56   --> setup_intent.succeeded [evt_1TYdhIDg8q5PBa98wxLFqeRa]
2026-05-18 22:47:56  <--  [400] POST http://localhost:8500/fpw/api/v1/stripeWebhook.cfc?method=handle [evt_1TYdhIDg8q5PBa98wxLFqeRa]
2026-05-18 22:47:57   --> customer.updated [evt_1TYdhJDg8q5PBa98qK3vtLk2]
2026-05-18 22:47:57   --> customer.subscription.updated [evt_1TYdhJDg8q5PBa987EAOb4oR]
2026-05-18 22:47:57  <--  [400] POST http://localhost:8500/fpw/api/v1/stripeWebhook.cfc?method=handle [evt_1TYdhJDg8q5PBa987EAOb4oR]
2026-05-18 22:47:57  <--  [400] POST http://localhost:8500/fpw/api/v1/stripeWebhook.cfc?method=handle [evt_1TYdhJDg8q5PBa98qK3vtLk2]
2026-05-18 23:50:19   --> checkout.session.expired [evt_1TYefeDg8q5PBa98n6ciL7BT]
2026-05-18 23:50:19  <--  [400] POST http://localhost:8500/fpw/api/v1/stripeWebhook.cfc?method=handle [evt_1TYefeDg8q5PBa98n6ciL7BT]
2026-05-19 00:25:37   --> billing_portal.session.created [evt_1TYfDpDg8q5PBa98qM1h1jWA]
2026-05-19 00:25:37  <--  [400] POST http://localhost:8500/fpw/api/v1/stripeWebhook.cfc?method=handle [evt_1TYfDpDg8q5PBa98qM1h1jWA]
2026-05-19 00:26:06   --> billing_portal.session.created [evt_1TYfEHDg8q5PBa98Z9iTvLMZ]
2026-05-19 00:26:06  <--  [400] POST http://localhost:8500/fpw/api/v1/stripeWebhook.cfc?method=handle [evt_1TYfEHDg8q5PBa98Z9iTvLMZ]
2026-05-19 00:31:42   --> checkout.session.completed [evt_1TYfJiDg8q5PBa98O4jgs8d1]
2026-05-19 00:31:42   --> invoice.payment_succeeded [evt_1TYfJiDg8q5PBa98R4PJXAZm]
2026-05-19 00:31:42  <--  [400] POST http://localhost:8500/fpw/api/v1/stripeWebhook.cfc?method=handle [evt_1TYfJiDg8q5PBa98R4PJXAZm]
2026-05-19 00:31:42  <--  [400] POST http://localhost:8500/fpw/api/v1/stripeWebhook.cfc?method=handle [evt_1TYfJiDg8q5PBa98O4jgs8d1]
2026-05-19 00:31:43   --> invoice.created [evt_1TYfJiDg8q5PBa98W6v4WNxP]
2026-05-19 00:31:43  <--  [400] POST http://localhost:8500/fpw/api/v1/stripeWebhook.cfc?method=handle [evt_1TYfJiDg8q5PBa98W6v4WNxP]
2026-05-19 00:31:43   --> invoice.finalized [evt_1TYfJiDg8q5PBa984YE2tCnR]
2026-05-19 00:31:43  <--  [400] POST http://localhost:8500/fpw/api/v1/stripeWebhook.cfc?method=handle [evt_1TYfJiDg8q5PBa984YE2tCnR]
2026-05-19 00:31:43   --> customer.created [evt_1TYfJjDg8q5PBa98JXJM29Zu]
2026-05-19 00:31:43  <--  [400] POST http://localhost:8500/fpw/api/v1/stripeWebhook.cfc?method=handle [evt_1TYfJjDg8q5PBa98JXJM29Zu]
2026-05-19 00:31:43   --> invoice.paid [evt_1TYfJjDg8q5PBa98pxHy6FTF]
2026-05-19 00:31:43  <--  [400] POST http://localhost:8500/fpw/api/v1/stripeWebhook.cfc?method=handle [evt_1TYfJjDg8q5PBa98pxHy6FTF]
2026-05-19 00:31:43   --> customer.updated [evt_1TYfJjDg8q5PBa98OPj5IJHH]
2026-05-19 00:31:43  <--  [400] POST http://localhost:8500/fpw/api/v1/stripeWebhook.cfc?method=handle [evt_1TYfJjDg8q5PBa98OPj5IJHH]
2026-05-19 00:31:43   --> customer.subscription.created [evt_1TYfJjDg8q5PBa98aJXDC86S]
2026-05-19 00:31:43  <--  [400] POST http://localhost:8500/fpw/api/v1/stripeWebhook.cfc?method=handle [evt_1TYfJjDg8q5PBa98aJXDC86S]
2026-05-19 00:40:42   --> customer.deleted [evt_1TYfSQDg8q5PBa982jy0UwA1]
2026-05-19 00:40:42  <--  [400] POST http://localhost:8500/fpw/api/v1/stripeWebhook.cfc?method=handle [evt_1TYfSQDg8q5PBa982jy0UwA1]
2026-05-19 00:40:43   --> customer.subscription.deleted [evt_1TYfSQDg8q5PBa98Hho30htc]
2026-05-19 00:40:43  <--  [400] POST http://localhost:8500/fpw/api/v1/stripeWebhook.cfc?method=handle [evt_1TYfSQDg8q5PBa98Hho30htc]
2026-05-19 00:40:43   --> customer.deleted [evt_1TYfSRDg8q5PBa98e4fc66Lk]
2026-05-19 00:40:43  <--  [400] POST http://localhost:8500/fpw/api/v1/stripeWebhook.cfc?method=handle [evt_1TYfSRDg8q5PBa98e4fc66Lk]
2026-05-19 00:40:44   --> customer.subscription.deleted [evt_1TYfSSDg8q5PBa98U7GKvuNc]
2026-05-19 00:40:44  <--  [400] POST http://localhost:8500/fpw/api/v1/stripeWebhook.cfc?method=handle [evt_1TYfSSDg8q5PBa98U7GKvuNc]
2026-05-19 00:40:44   --> customer.deleted [evt_1TYfSSDg8q5PBa98JpCyu1Ik]
2026-05-19 00:40:44  <--  [400] POST http://localhost:8500/fpw/api/v1/stripeWebhook.cfc?method=handle [evt_1TYfSSDg8q5PBa98JpCyu1Ik]
2026-05-19 00:40:45   --> mandate.updated [evt_1TYfSTDg8q5PBa98kB26fneC]
2026-05-19 00:40:45  <--  [400] POST http://localhost:8500/fpw/api/v1/stripeWebhook.cfc?method=handle [evt_1TYfSTDg8q5PBa98kB26fneC]
2026-05-19 00:40:46   --> customer.subscription.deleted [evt_1TYfSTDg8q5PBa98eLosWUy2]
2026-05-19 00:40:46  <--  [400] POST http://localhost:8500/fpw/api/v1/stripeWebhook.cfc?method=handle [evt_1TYfSTDg8q5PBa98eLosWUy2]
2026-05-19 00:40:46   --> customer.deleted [evt_1TYfSUDg8q5PBa98EtC2BKLr]
2026-05-19 00:40:46  <--  [400] POST http://localhost:8500/fpw/api/v1/stripeWebhook.cfc?method=handle [evt_1TYfSUDg8q5PBa98EtC2BKLr]
2026-05-19 00:40:46   --> mandate.updated [evt_1TYfSUDg8q5PBa98uJJvL7dA]
2026-05-19 00:40:46  <--  [400] POST http://localhost:8500/fpw/api/v1/stripeWebhook.cfc?method=handle [evt_1TYfSUDg8q5PBa98uJJvL7dA]
2026-05-19 00:40:47   --> customer.subscription.deleted [evt_1TYfSVDg8q5PBa987sg1uiu7]
2026-05-19 00:40:47  <--  [400] POST http://localhost:8500/fpw/api/v1/stripeWebhook.cfc?method=handle [evt_1TYfSVDg8q5PBa987sg1uiu7]
2026-05-19 00:40:47   --> customer.deleted [evt_1TYfSVDg8q5PBa98lKcakxzE]
2026-05-19 00:40:47  <--  [400] POST http://localhost:8500/fpw/api/v1/stripeWebhook.cfc?method=handle [evt_1TYfSVDg8q5PBa98lKcakxzE]
2026-05-19 00:40:47   --> mandate.updated [evt_1TYfSVDg8q5PBa98HdYIljBv]
2026-05-19 00:40:47  <--  [400] POST http://localhost:8500/fpw/api/v1/stripeWebhook.cfc?method=handle [evt_1TYfSVDg8q5PBa98HdYIljBv]
2026-05-19 00:40:48   --> customer.subscription.deleted [evt_1TYfSWDg8q5PBa98PvkRIeWS]
2026-05-19 00:40:48  <--  [400] POST http://localhost:8500/fpw/api/v1/stripeWebhook.cfc?method=handle [evt_1TYfSWDg8q5PBa98PvkRIeWS]
2026-05-19 00:40:50   --> customer.deleted [evt_1TYfSYDg8q5PBa983brWKGYk]
2026-05-19 00:40:50  <--  [400] POST http://localhost:8500/fpw/api/v1/stripeWebhook.cfc?method=handle [evt_1TYfSYDg8q5PBa983brWKGYk]
2026-05-19 00:40:51   --> customer.subscription.deleted [evt_1TYfSYDg8q5PBa98YWCCPkWk]
2026-05-19 00:40:51  <--  [400] POST http://localhost:8500/fpw/api/v1/stripeWebhook.cfc?method=handle [evt_1TYfSYDg8q5PBa98YWCCPkWk]
2026-05-19 00:40:51   --> customer.deleted [evt_1TYfSZDg8q5PBa98B2g108LL]
2026-05-19 00:40:51  <--  [400] POST http://localhost:8500/fpw/api/v1/stripeWebhook.cfc?method=handle [evt_1TYfSZDg8q5PBa98B2g108LL]
2026-05-19 00:40:52   --> customer.subscription.deleted [evt_1TYfSZDg8q5PBa98aW56ZJGp]
2026-05-19 00:40:52  <--  [400] POST http://localhost:8500/fpw/api/v1/stripeWebhook.cfc?method=handle [evt_1TYfSZDg8q5PBa98aW56ZJGp]
2026-05-19 00:40:52   --> customer.deleted [evt_1TYfSaDg8q5PBa98x8cUBzu2]
2026-05-19 00:40:52  <--  [400] POST http://localhost:8500/fpw/api/v1/stripeWebhook.cfc?method=handle [evt_1TYfSaDg8q5PBa98x8cUBzu2]
2026-05-19 00:40:52   --> customer.subscription.deleted [evt_1TYfSaDg8q5PBa98QcokeH23]
2026-05-19 00:40:52  <--  [400] POST http://localhost:8500/fpw/api/v1/stripeWebhook.cfc?method=handle [evt_1TYfSaDg8q5PBa98QcokeH23]
2026-05-19 00:40:53   --> customer.deleted [evt_1TYfSbDg8q5PBa98X95f350J]
2026-05-19 00:40:53  <--  [400] POST http://localhost:8500/fpw/api/v1/stripeWebhook.cfc?method=handle [evt_1TYfSbDg8q5PBa98X95f350J]
2026-05-19 00:40:53   --> mandate.updated [evt_1TYfSbDg8q5PBa98lQ9Gtj9k]
2026-05-19 00:40:53  <--  [400] POST http://localhost:8500/fpw/api/v1/stripeWebhook.cfc?method=handle [evt_1TYfSbDg8q5PBa98lQ9Gtj9k]
2026-05-19 00:40:54   --> customer.subscription.deleted [evt_1TYfScDg8q5PBa98KMbrj8dF]
2026-05-19 00:40:54  <--  [400] POST http://localhost:8500/fpw/api/v1/stripeWebhook.cfc?method=handle [evt_1TYfScDg8q5PBa98KMbrj8dF]
2026-05-19 00:40:54   --> customer.deleted [evt_1TYfScDg8q5PBa982AejS1Dy]
2026-05-19 00:40:54  <--  [400] POST http://localhost:8500/fpw/api/v1/stripeWebhook.cfc?method=handle [evt_1TYfScDg8q5PBa982AejS1Dy]
2026-05-19 00:40:55   --> customer.subscription.deleted [evt_1TYfSdDg8q5PBa98CriatH1K]
2026-05-19 00:40:55  <--  [400] POST http://localhost:8500/fpw/api/v1/stripeWebhook.cfc?method=handle [evt_1TYfSdDg8q5PBa98CriatH1K]
2026-05-19 00:40:56   --> customer.deleted [evt_1TYfSdDg8q5PBa98qpHnLfJJ]
2026-05-19 00:40:56  <--  [400] POST http://localhost:8500/fpw/api/v1/stripeWebhook.cfc?method=handle [evt_1TYfSdDg8q5PBa98qpHnLfJJ]
2026-05-19 00:40:56   --> customer.subscription.deleted [evt_1TYfSeDg8q5PBa98ijfpGj2W]
2026-05-19 00:40:56  <--  [400] POST http://localhost:8500/fpw/api/v1/stripeWebhook.cfc?method=handle [evt_1TYfSeDg8q5PBa98ijfpGj2W]
2026-05-19 00:40:57   --> customer.deleted [evt_1TYfSeDg8q5PBa988DTxEhaP]
2026-05-19 00:40:57  <--  [400] POST http://localhost:8500/fpw/api/v1/stripeWebhook.cfc?method=handle [evt_1TYfSeDg8q5PBa988DTxEhaP]
2026-05-19 00:40:57   --> customer.subscription.deleted [evt_1TYfSfDg8q5PBa985e7rL7ss]
2026-05-19 00:40:57  <--  [400] POST http://localhost:8500/fpw/api/v1/stripeWebhook.cfc?method=handle [evt_1TYfSfDg8q5PBa985e7rL7ss]
2026-05-19 00:40:58   --> customer.deleted [evt_1TYfSfDg8q5PBa98PABkPHZv]
2026-05-19 00:40:58  <--  [400] POST http://localhost:8500/fpw/api/v1/stripeWebhook.cfc?method=handle [evt_1TYfSfDg8q5PBa98PABkPHZv]
2026-05-19 00:40:58   --> mandate.updated [evt_1TYfSgDg8q5PBa98tH1gz3O4]
2026-05-19 00:40:58  <--  [400] POST http://localhost:8500/fpw/api/v1/stripeWebhook.cfc?method=handle [evt_1TYfSgDg8q5PBa98tH1gz3O4]
2026-05-19 00:40:58   --> customer.subscription.deleted [evt_1TYfSgDg8q5PBa98TTcuigPs]
2026-05-19 00:40:58  <--  [400] POST http://localhost:8500/fpw/api/v1/stripeWebhook.cfc?method=handle [evt_1TYfSgDg8q5PBa98TTcuigPs]
2026-05-19 00:40:59   --> customer.deleted [evt_1TYfShDg8q5PBa98seYu9wBK]
2026-05-19 00:40:59  <--  [400] POST http://localhost:8500/fpw/api/v1/stripeWebhook.cfc?method=handle [evt_1TYfShDg8q5PBa98seYu9wBK]
2026-05-19 00:40:59   --> mandate.updated [evt_1TYfShDg8q5PBa985XPd2MqN]
2026-05-19 00:40:59  <--  [400] POST http://localhost:8500/fpw/api/v1/stripeWebhook.cfc?method=handle [evt_1TYfShDg8q5PBa985XPd2MqN]
2026-05-19 00:41:00   --> customer.subscription.deleted [evt_1TYfSiDg8q5PBa98THx22Veu]
2026-05-19 00:41:00  <--  [400] POST http://localhost:8500/fpw/api/v1/stripeWebhook.cfc?method=handle [evt_1TYfSiDg8q5PBa98THx22Veu]
2026-05-19 00:41:00   --> customer.deleted [evt_1TYfSiDg8q5PBa98i30acapb]
2026-05-19 00:41:00  <--  [400] POST http://localhost:8500/fpw/api/v1/stripeWebhook.cfc?method=handle [evt_1TYfSiDg8q5PBa98i30acapb]
2026-05-19 00:41:01   --> customer.subscription.deleted [evt_1TYfSjDg8q5PBa98WCNU6oDY]
2026-05-19 00:41:01  <--  [400] POST http://localhost:8500/fpw/api/v1/stripeWebhook.cfc?method=handle [evt_1TYfSjDg8q5PBa98WCNU6oDY]
2026-05-19 00:41:01   --> customer.deleted [evt_1TYfSjDg8q5PBa98kp3GZ3y5]
2026-05-19 00:41:01  <--  [400] POST http://localhost:8500/fpw/api/v1/stripeWebhook.cfc?method=handle [evt_1TYfSjDg8q5PBa98kp3GZ3y5]
2026-05-19 00:41:01   --> mandate.updated [evt_1TYfSjDg8q5PBa98gthHA3cL]
2026-05-19 00:41:01  <--  [400] POST http://localhost:8500/fpw/api/v1/stripeWebhook.cfc?method=handle [evt_1TYfSjDg8q5PBa98gthHA3cL]
2026-05-19 00:41:02   --> customer.subscription.deleted [evt_1TYfSkDg8q5PBa98jExahjMK]
2026-05-19 00:41:02  <--  [400] POST http://localhost:8500/fpw/api/v1/stripeWebhook.cfc?method=handle [evt_1TYfSkDg8q5PBa98jExahjMK]
2026-05-19 00:41:03   --> customer.deleted [evt_1TYfSkDg8q5PBa98rqEbO3f6]
2026-05-19 00:41:03  <--  [400] POST http://localhost:8500/fpw/api/v1/stripeWebhook.cfc?method=handle [evt_1TYfSkDg8q5PBa98rqEbO3f6]
2026-05-19 00:41:03   --> mandate.updated [evt_1TYfSlDg8q5PBa98T50EWwS1]
2026-05-19 00:41:03  <--  [400] POST http://localhost:8500/fpw/api/v1/stripeWebhook.cfc?method=handle [evt_1TYfSlDg8q5PBa98T50EWwS1]
2026-05-19 00:41:03   --> customer.subscription.deleted [evt_1TYfSlDg8q5PBa98yTKTn52U]
2026-05-19 00:41:03  <--  [400] POST http://localhost:8500/fpw/api/v1/stripeWebhook.cfc?method=handle [evt_1TYfSlDg8q5PBa98yTKTn52U]
2026-05-19 00:41:04   --> customer.deleted [evt_1TYfSmDg8q5PBa98YXyJ4HLR]
2026-05-19 00:41:04  <--  [400] POST http://localhost:8500/fpw/api/v1/stripeWebhook.cfc?method=handle [evt_1TYfSmDg8q5PBa98YXyJ4HLR]
2026-05-19 00:41:05   --> customer.subscription.deleted [evt_1TYfSmDg8q5PBa98khID5BAX]
2026-05-19 00:41:05  <--  [400] POST http://localhost:8500/fpw/api/v1/stripeWebhook.cfc?method=handle [evt_1TYfSmDg8q5PBa98khID5BAX]
2026-05-19 00:41:05   --> customer.deleted [evt_1TYfSnDg8q5PBa98innoybDV]
2026-05-19 00:41:05  <--  [400] POST http://localhost:8500/fpw/api/v1/stripeWebhook.cfc?method=handle [evt_1TYfSnDg8q5PBa98innoybDV]
2026-05-19 00:41:06   --> mandate.updated [evt_1TYfSnDg8q5PBa9845mFbF67]
2026-05-19 00:41:06  <--  [400] POST http://localhost:8500/fpw/api/v1/stripeWebhook.cfc?method=handle [evt_1TYfSnDg8q5PBa9845mFbF67]
2026-05-19 00:41:06   --> customer.subscription.deleted [evt_1TYfSoDg8q5PBa98iqk2nctS]
2026-05-19 00:41:06  <--  [400] POST http://localhost:8500/fpw/api/v1/stripeWebhook.cfc?method=handle [evt_1TYfSoDg8q5PBa98iqk2nctS]
2026-05-19 00:41:07   --> customer.deleted [evt_1TYfSoDg8q5PBa983Cm1p1hC]
2026-05-19 00:41:07  <--  [400] POST http://localhost:8500/fpw/api/v1/stripeWebhook.cfc?method=handle [evt_1TYfSoDg8q5PBa983Cm1p1hC]
2026-05-19 00:41:09   --> mandate.updated [evt_1TYfSrDg8q5PBa988r8IzaIg]
2026-05-19 00:41:09  <--  [400] POST http://localhost:8500/fpw/api/v1/stripeWebhook.cfc?method=handle [evt_1TYfSrDg8q5PBa988r8IzaIg]
2026-05-19 00:41:10   --> customer.subscription.deleted [evt_1TYfSsDg8q5PBa98ambnRTTf]
2026-05-19 00:41:10  <--  [400] POST http://localhost:8500/fpw/api/v1/stripeWebhook.cfc?method=handle [evt_1TYfSsDg8q5PBa98ambnRTTf]
2026-05-19 00:41:53   --> customer.deleted [evt_1TYfTZDg8q5PBa98S2RvugNo]
2026-05-19 00:41:53  <--  [400] POST http://localhost:8500/fpw/api/v1/stripeWebhook.cfc?method=handle [evt_1TYfTZDg8q5PBa98S2RvugNo]
2026-05-19 00:41:54   --> customer.deleted [evt_1TYfTaDg8q5PBa98z73jdu8Z]
2026-05-19 00:41:54  <--  [400] POST http://localhost:8500/fpw/api/v1/stripeWebhook.cfc?method=handle [evt_1TYfTaDg8q5PBa98z73jdu8Z]
2026-05-19 00:41:54   --> mandate.updated [evt_1TYfTaDg8q5PBa98e9KfTusw]
2026-05-19 00:41:54  <--  [400] POST http://localhost:8500/fpw/api/v1/stripeWebhook.cfc?method=handle [evt_1TYfTaDg8q5PBa98e9KfTusw]
2026-05-19 00:41:55   --> customer.subscription.deleted [evt_1TYfTbDg8q5PBa9841k7N1Tk]
2026-05-19 00:41:55  <--  [400] POST http://localhost:8500/fpw/api/v1/stripeWebhook.cfc?method=handle [evt_1TYfTbDg8q5PBa9841k7N1Tk]
2026-05-19 00:41:56   --> customer.deleted [evt_1TYfTbDg8q5PBa98WO6NDC6U]
2026-05-19 00:41:56  <--  [400] POST http://localhost:8500/fpw/api/v1/stripeWebhook.cfc?method=handle [evt_1TYfTbDg8q5PBa98WO6NDC6U]
2026-05-19 00:41:56   --> customer.deleted [evt_1TYfTcDg8q5PBa98oL1BWEBN]
2026-05-19 00:41:56  <--  [400] POST http://localhost:8500/fpw/api/v1/stripeWebhook.cfc?method=handle [evt_1TYfTcDg8q5PBa98oL1BWEBN]
2026-05-19 00:41:57   --> customer.deleted [evt_1TYfTdDg8q5PBa98Fydjwex6]
2026-05-19 00:41:57  <--  [400] POST http://localhost:8500/fpw/api/v1/stripeWebhook.cfc?method=handle [evt_1TYfTdDg8q5PBa98Fydjwex6]
time="Tue, 19 May 2026 04:58:22 EDT" level=error msg="Error when writing ping message: websocket: close sent" prefix=websocket.Client.writePump
time="Tue, 19 May 2026 08:01:56 EDT" level=error msg="Error when writing ping message: websocket: close sent" prefix=websocket.Client.writePump
time="Tue, 19 May 2026 11:21:28 EDT" level=error msg="Error when writing ping message: websocket: close sent" prefix=websocket.Client.writePump
2026-05-19 11:54:37   --> invoice.payment_succeeded [evt_1TYpybDg8q5PBa98cDxsozX8]
2026-05-19 11:54:37  <--  [500] POST http://localhost:8500/fpw/api/v1/stripeWebhook.cfc?method=handle [evt_1TYpybDg8q5PBa98cDxsozX8]
2026-05-19 11:54:37   --> invoice.created [evt_1TYpybDg8q5PBa98sdPrt1QY]
2026-05-19 11:54:37  <--  [500] POST http://localhost:8500/fpw/api/v1/stripeWebhook.cfc?method=handle [evt_1TYpybDg8q5PBa98sdPrt1QY]
2026-05-19 11:54:37   --> checkout.session.completed [evt_1TYpybDg8q5PBa98p1wr8NWo]
2026-05-19 11:54:37  <--  [500] POST http://localhost:8500/fpw/api/v1/stripeWebhook.cfc?method=handle [evt_1TYpybDg8q5PBa98p1wr8NWo]
2026-05-19 11:54:37   --> invoice.finalized [evt_1TYpybDg8q5PBa986skUzJji]
2026-05-19 11:54:37  <--  [500] POST http://localhost:8500/fpw/api/v1/stripeWebhook.cfc?method=handle [evt_1TYpybDg8q5PBa986skUzJji]
2026-05-19 11:54:38   --> invoice.paid [evt_1TYpybDg8q5PBa98EwjbUjKK]
2026-05-19 11:54:38  <--  [200] POST http://localhost:8500/fpw/api/v1/stripeWebhook.cfc?method=handle [evt_1TYpybDg8q5PBa98EwjbUjKK]
2026-05-19 11:54:38   --> customer.created [evt_1TYpybDg8q5PBa98IzjtlGoI]
2026-05-19 11:54:38  <--  [200] POST http://localhost:8500/fpw/api/v1/stripeWebhook.cfc?method=handle [evt_1TYpybDg8q5PBa98IzjtlGoI]
2026-05-19 11:54:38   --> customer.updated [evt_1TYpybDg8q5PBa98KvidH1hY]
2026-05-19 11:54:38  <--  [500] POST http://localhost:8500/fpw/api/v1/stripeWebhook.cfc?method=handle [evt_1TYpybDg8q5PBa98KvidH1hY]
2026-05-19 11:54:38   --> customer.subscription.created [evt_1TYpycDg8q5PBa98acybLcP4]
2026-05-19 11:54:38  <--  [500] POST http://localhost:8500/fpw/api/v1/stripeWebhook.cfc?method=handle [evt_1TYpycDg8q5PBa98acybLcP4]
2026-05-19 11:54:57   --> billing_portal.session.created [evt_1TYpyvDg8q5PBa98J92UKDa4]
2026-05-19 11:54:57  <--  [500] POST http://localhost:8500/fpw/api/v1/stripeWebhook.cfc?method=handle [evt_1TYpyvDg8q5PBa98J92UKDa4]
2026-05-19 11:55:07   --> setup_intent.created [evt_1TYpz5Dg8q5PBa98KPtg5KTs]
2026-05-19 11:55:07  <--  [500] POST http://localhost:8500/fpw/api/v1/stripeWebhook.cfc?method=handle [evt_1TYpz5Dg8q5PBa98KPtg5KTs]
2026-05-19 11:55:23   --> payment_method.attached [evt_1TYpzLDg8q5PBa98sENz8ueq]
2026-05-19 11:55:23  <--  [500] POST http://localhost:8500/fpw/api/v1/stripeWebhook.cfc?method=handle [evt_1TYpzLDg8q5PBa98sENz8ueq]
2026-05-19 11:55:23   --> setup_intent.succeeded [evt_1TYpzLDg8q5PBa98ZpPw8mDf]
2026-05-19 11:55:23  <--  [500] POST http://localhost:8500/fpw/api/v1/stripeWebhook.cfc?method=handle [evt_1TYpzLDg8q5PBa98ZpPw8mDf]
2026-05-19 11:55:24   --> customer.subscription.updated [evt_1TYpzMDg8q5PBa98p5vtIolD]
2026-05-19 11:55:24  <--  [200] POST http://localhost:8500/fpw/api/v1/stripeWebhook.cfc?method=handle [evt_1TYpzMDg8q5PBa98p5vtIolD]
2026-05-19 11:55:24   --> customer.updated [evt_1TYpzMDg8q5PBa98t7d46voe]
2026-05-19 11:55:24  <--  [500] POST http://localhost:8500/fpw/api/v1/stripeWebhook.cfc?method=handle [evt_1TYpzMDg8q5PBa98t7d46voe]
2026-05-19 14:17:26   --> customer.deleted [evt_1TYsCoDg8q5PBa98uhedEjvx]
2026-05-19 14:17:26   --> mandate.updated [evt_1TYsCoDg8q5PBa98fSCZx77W]
2026-05-19 14:17:26  <--  [200] POST http://localhost:8500/fpw/api/v1/stripeWebhook.cfc?method=handle [evt_1TYsCoDg8q5PBa98uhedEjvx]
2026-05-19 14:17:26  <--  [200] POST http://localhost:8500/fpw/api/v1/stripeWebhook.cfc?method=handle [evt_1TYsCoDg8q5PBa98fSCZx77W]
2026-05-19 14:17:27   --> customer.subscription.deleted [evt_1TYsCoDg8q5PBa98XKxqfhYs]
2026-05-19 14:17:27  <--  [200] POST http://localhost:8500/fpw/api/v1/stripeWebhook.cfc?method=handle [evt_1TYsCoDg8q5PBa98XKxqfhYs]
2026-05-19 14:19:04   --> invoice.created [evt_1TYsEODg8q5PBa98sDTL4d2w]
2026-05-19 14:19:04   --> invoice.payment_succeeded [evt_1TYsEODg8q5PBa98gsgza8Bc]
2026-05-19 14:19:05  <--  [200] POST http://localhost:8500/fpw/api/v1/stripeWebhook.cfc?method=handle [evt_1TYsEODg8q5PBa98gsgza8Bc]
2026-05-19 14:19:05  <--  [200] POST http://localhost:8500/fpw/api/v1/stripeWebhook.cfc?method=handle [evt_1TYsEODg8q5PBa98sDTL4d2w]
2026-05-19 14:19:05   --> invoice.finalized [evt_1TYsEODg8q5PBa98lYUooLwO]
2026-05-19 14:19:05  <--  [200] POST http://localhost:8500/fpw/api/v1/stripeWebhook.cfc?method=handle [evt_1TYsEODg8q5PBa98lYUooLwO]
2026-05-19 14:19:05   --> customer.created [evt_1TYsEPDg8q5PBa98umsQQs4n]
2026-05-19 14:19:05   --> invoice.paid [evt_1TYsEPDg8q5PBa98Bu3Kwnmz]
2026-05-19 14:19:05  <--  [200] POST http://localhost:8500/fpw/api/v1/stripeWebhook.cfc?method=handle [evt_1TYsEPDg8q5PBa98Bu3Kwnmz]
2026-05-19 14:19:05  <--  [200] POST http://localhost:8500/fpw/api/v1/stripeWebhook.cfc?method=handle [evt_1TYsEPDg8q5PBa98umsQQs4n]
2026-05-19 14:19:05   --> customer.updated [evt_1TYsEPDg8q5PBa98Dwhotrvv]
2026-05-19 14:19:05  <--  [200] POST http://localhost:8500/fpw/api/v1/stripeWebhook.cfc?method=handle [evt_1TYsEPDg8q5PBa98Dwhotrvv]
2026-05-19 14:19:05   --> checkout.session.completed [evt_1TYsEODg8q5PBa98AF6Gwpov]
2026-05-19 14:19:05  <--  [200] POST http://localhost:8500/fpw/api/v1/stripeWebhook.cfc?method=handle [evt_1TYsEODg8q5PBa98AF6Gwpov]
2026-05-19 14:19:05   --> customer.subscription.created [evt_1TYsEPDg8q5PBa98O5LDU5Ez]
2026-05-19 14:19:05  <--  [200] POST http://localhost:8500/fpw/api/v1/stripeWebhook.cfc?method=handle [evt_1TYsEPDg8q5PBa98O5LDU5Ez]
2026-05-19 14:19:10   --> billing_portal.session.created [evt_1TYsETDg8q5PBa98JH2tWL5g]
2026-05-19 14:19:10  <--  [200] POST http://localhost:8500/fpw/api/v1/stripeWebhook.cfc?method=handle [evt_1TYsETDg8q5PBa98JH2tWL5g]
time="Tue, 19 May 2026 14:21:06 EDT" level=error msg="Error when writing ping message: websocket: close sent" prefix=websocket.Client.writePump
2026-05-19 14:33:42   --> invoice.payment_succeeded [evt_1TYsSYDg8q5PBa98ZwXcTmZu]
2026-05-19 14:33:42  <--  [500] POST http://localhost:8500/fpw/api/v1/stripeWebhook.cfc?method=handle [evt_1TYsSYDg8q5PBa98ZwXcTmZu]
2026-05-19 14:33:42   --> checkout.session.completed [evt_1TYsSYDg8q5PBa98V7I3FTQT]
2026-05-19 14:33:42  <--  [200] POST http://localhost:8500/fpw/api/v1/stripeWebhook.cfc?method=handle [evt_1TYsSYDg8q5PBa98V7I3FTQT]
2026-05-19 14:33:42   --> invoice.created [evt_1TYsSYDg8q5PBa98qv26O1Jj]
2026-05-19 14:33:42  <--  [200] POST http://localhost:8500/fpw/api/v1/stripeWebhook.cfc?method=handle [evt_1TYsSYDg8q5PBa98qv26O1Jj]
2026-05-19 14:33:42   --> invoice.finalized [evt_1TYsSYDg8q5PBa98z551Cvzr]
2026-05-19 14:33:42  <--  [200] POST http://localhost:8500/fpw/api/v1/stripeWebhook.cfc?method=handle [evt_1TYsSYDg8q5PBa98z551Cvzr]
2026-05-19 14:33:42   --> invoice.paid [evt_1TYsSYDg8q5PBa98cIGchXNT]
2026-05-19 14:33:42  <--  [500] POST http://localhost:8500/fpw/api/v1/stripeWebhook.cfc?method=handle [evt_1TYsSYDg8q5PBa98cIGchXNT]
2026-05-19 14:33:42   --> customer.created [evt_1TYsSYDg8q5PBa9813SDjmbv]
2026-05-19 14:33:42  <--  [500] POST http://localhost:8500/fpw/api/v1/stripeWebhook.cfc?method=handle [evt_1TYsSYDg8q5PBa9813SDjmbv]
2026-05-19 14:33:43   --> customer.updated [evt_1TYsSYDg8q5PBa98e1iFNmDn]
2026-05-19 14:33:43  <--  [500] POST http://localhost:8500/fpw/api/v1/stripeWebhook.cfc?method=handle [evt_1TYsSYDg8q5PBa98e1iFNmDn]
2026-05-19 14:33:43   --> customer.subscription.created [evt_1TYsSYDg8q5PBa98sSjl2LdF]
2026-05-19 14:33:43  <--  [500] POST http://localhost:8500/fpw/api/v1/stripeWebhook.cfc?method=handle [evt_1TYsSYDg8q5PBa98sSjl2LdF]
time="Tue, 19 May 2026 14:57:01 EDT" level=error msg="Error when writing ping message: websocket: close sent" prefix=websocket.Client.writePump
2026-05-19 15:10:48   --> billing_portal.session.created [evt_1TYt2SDg8q5PBa986M9wzh6s]
2026-05-19 15:10:48  <--  [200] POST http://localhost:8500/fpw/api/v1/stripeWebhook.cfc?method=handle [evt_1TYt2SDg8q5PBa986M9wzh6s]
2026-05-19 15:10:55   --> setup_intent.created [evt_1TYt2YDg8q5PBa98MV3c0IJ0]
2026-05-19 15:10:55  <--  [200] POST http://localhost:8500/fpw/api/v1/stripeWebhook.cfc?method=handle [evt_1TYt2YDg8q5PBa98MV3c0IJ0]
2026-05-19 15:11:06   --> setup_intent.succeeded [evt_1TYt2kDg8q5PBa98XS3IaV7T]
2026-05-19 15:11:06  <--  [200] POST http://localhost:8500/fpw/api/v1/stripeWebhook.cfc?method=handle [evt_1TYt2kDg8q5PBa98XS3IaV7T]
2026-05-19 15:11:07   --> payment_method.attached [evt_1TYt2kDg8q5PBa98djqHxLPO]
2026-05-19 15:11:07  <--  [200] POST http://localhost:8500/fpw/api/v1/stripeWebhook.cfc?method=handle [evt_1TYt2kDg8q5PBa98djqHxLPO]
2026-05-19 15:11:08   --> customer.subscription.updated [evt_1TYt2mDg8q5PBa98XDkTisR0]
2026-05-19 15:11:08  <--  [200] POST http://localhost:8500/fpw/api/v1/stripeWebhook.cfc?method=handle [evt_1TYt2mDg8q5PBa98XDkTisR0]
2026-05-19 15:11:08   --> customer.updated [evt_1TYt2mDg8q5PBa9829ZXsJUK]
2026-05-19 15:11:08  <--  [500] POST http://localhost:8500/fpw/api/v1/stripeWebhook.cfc?method=handle [evt_1TYt2mDg8q5PBa9829ZXsJUK]
2026-05-19 15:11:30   --> customer.subscription.updated [evt_1TYt37Dg8q5PBa98PjBqMtjl]
2026-05-19 15:11:30  <--  [500] POST http://localhost:8500/fpw/api/v1/stripeWebhook.cfc?method=handle [evt_1TYt37Dg8q5PBa98PjBqMtjl]
2026-05-19 15:11:42   --> customer.subscription.updated [evt_1TYt3JDg8q5PBa98YjhaX0zU]
2026-05-19 15:11:42  <--  [200] POST http://localhost:8500/fpw/api/v1/stripeWebhook.cfc?method=handle [evt_1TYt3JDg8q5PBa98YjhaX0zU]
2026-05-19 15:11:57   --> customer.subscription.updated [evt_1TYt3ZDg8q5PBa98IUYrO78X]
2026-05-19 15:11:57  <--  [200] POST http://localhost:8500/fpw/api/v1/stripeWebhook.cfc?method=handle [evt_1TYt3ZDg8q5PBa98IUYrO78X]
2026-05-19 15:21:49   --> billing_portal.session.created [evt_1TYtD7Dg8q5PBa98WIcxTYgi]
2026-05-19 15:21:49  <--  [200] POST http://localhost:8500/fpw/api/v1/stripeWebhook.cfc?method=handle [evt_1TYtD7Dg8q5PBa98WIcxTYgi]
2026-05-19 15:39:12   --> checkout.session.completed [evt_1TYtTwDg8q5PBa98eMu6YKjt]
2026-05-19 15:39:12   --> invoice.payment_succeeded [evt_1TYtTwDg8q5PBa98uPsMpyKf]
2026-05-19 15:39:12  <--  [500] POST http://localhost:8500/fpw/api/v1/stripeWebhook.cfc?method=handle [evt_1TYtTwDg8q5PBa98uPsMpyKf]
2026-05-19 15:39:12  <--  [200] POST http://localhost:8500/fpw/api/v1/stripeWebhook.cfc?method=handle [evt_1TYtTwDg8q5PBa98eMu6YKjt]
2026-05-19 15:39:12   --> invoice.created [evt_1TYtTwDg8q5PBa98zCqTkRnr]
2026-05-19 15:39:12  <--  [500] POST http://localhost:8500/fpw/api/v1/stripeWebhook.cfc?method=handle [evt_1TYtTwDg8q5PBa98zCqTkRnr]
2026-05-19 15:39:13   --> invoice.finalized [evt_1TYtTwDg8q5PBa98CywHsH70]
2026-05-19 15:39:13  <--  [200] POST http://localhost:8500/fpw/api/v1/stripeWebhook.cfc?method=handle [evt_1TYtTwDg8q5PBa98CywHsH70]
2026-05-19 15:39:13   --> invoice.paid [evt_1TYtTwDg8q5PBa989iKyEfbj]
2026-05-19 15:39:13  <--  [500] POST http://localhost:8500/fpw/api/v1/stripeWebhook.cfc?method=handle [evt_1TYtTwDg8q5PBa989iKyEfbj]
2026-05-19 15:39:13   --> payment_method.attached [evt_1TYtTxDg8q5PBa98d7M7ddkI]
2026-05-19 15:39:13   --> customer.created [evt_1TYtTxDg8q5PBa985YB6IUfa]
2026-05-19 15:39:13  <--  [200] POST http://localhost:8500/fpw/api/v1/stripeWebhook.cfc?method=handle [evt_1TYtTxDg8q5PBa98d7M7ddkI]
2026-05-19 15:39:13  <--  [200] POST http://localhost:8500/fpw/api/v1/stripeWebhook.cfc?method=handle [evt_1TYtTxDg8q5PBa985YB6IUfa]
2026-05-19 15:39:13   --> customer.updated [evt_1TYtTxDg8q5PBa98EoTOQs9Z]
2026-05-19 15:39:13  <--  [500] POST http://localhost:8500/fpw/api/v1/stripeWebhook.cfc?method=handle [evt_1TYtTxDg8q5PBa98EoTOQs9Z]
2026-05-19 15:39:13   --> customer.subscription.created [evt_1TYtTxDg8q5PBa986buxoV2O]
2026-05-19 15:39:13  <--  [200] POST http://localhost:8500/fpw/api/v1/stripeWebhook.cfc?method=handle [evt_1TYtTxDg8q5PBa986buxoV2O]
2026-05-19 15:39:13   --> payment_intent.succeeded [evt_3TYtTqDg8q5PBa9835WVtJUl]
2026-05-19 15:39:13  <--  [200] POST http://localhost:8500/fpw/api/v1/stripeWebhook.cfc?method=handle [evt_3TYtTqDg8q5PBa9835WVtJUl]
2026-05-19 15:39:13   --> payment_intent.created [evt_3TYtTqDg8q5PBa983YjvYLou]
2026-05-19 15:39:13  <--  [500] POST http://localhost:8500/fpw/api/v1/stripeWebhook.cfc?method=handle [evt_3TYtTqDg8q5PBa983YjvYLou]
2026-05-19 15:39:13   --> charge.succeeded [evt_3TYtTqDg8q5PBa983NgSuJRd]
2026-05-19 15:39:13  <--  [500] POST http://localhost:8500/fpw/api/v1/stripeWebhook.cfc?method=handle [evt_3TYtTqDg8q5PBa983NgSuJRd]
2026-05-19 15:39:33   --> invoice_payment.paid [evt_1TYtUHDg8q5PBa987ZWsZAkE]
2026-05-19 15:39:33  <--  [200] POST http://localhost:8500/fpw/api/v1/stripeWebhook.cfc?method=handle [evt_1TYtUHDg8q5PBa987ZWsZAkE]
2026-05-19 16:22:44   --> invoice.payment_succeeded [evt_1TYuA3Dg8q5PBa98weRDHrJf]
2026-05-19 16:22:44  <--  [200] POST http://localhost:8500/fpw/api/v1/stripeWebhook.cfc?method=handle [evt_1TYuA3Dg8q5PBa98weRDHrJf]
2026-05-19 16:22:44   --> checkout.session.completed [evt_1TYuA3Dg8q5PBa98lzxtASFY]
2026-05-19 16:22:44   --> invoice.finalized [evt_1TYuA4Dg8q5PBa98s2ylZN76]
2026-05-19 16:22:44  <--  [200] POST http://localhost:8500/fpw/api/v1/stripeWebhook.cfc?method=handle [evt_1TYuA4Dg8q5PBa98s2ylZN76]
2026-05-19 16:22:44  <--  [200] POST http://localhost:8500/fpw/api/v1/stripeWebhook.cfc?method=handle [evt_1TYuA3Dg8q5PBa98lzxtASFY]
2026-05-19 16:22:44   --> invoice.created [evt_1TYuA3Dg8q5PBa98qBztcP3V]
2026-05-19 16:22:44  <--  [200] POST http://localhost:8500/fpw/api/v1/stripeWebhook.cfc?method=handle [evt_1TYuA3Dg8q5PBa98qBztcP3V]
2026-05-19 16:22:44   --> invoice.paid [evt_1TYuA4Dg8q5PBa98El9lmXo8]
2026-05-19 16:22:44   --> customer.updated [evt_1TYuA4Dg8q5PBa98Cw2v5Dbj]
2026-05-19 16:22:44  <--  [200] POST http://localhost:8500/fpw/api/v1/stripeWebhook.cfc?method=handle [evt_1TYuA4Dg8q5PBa98El9lmXo8]
2026-05-19 16:22:44  <--  [500] POST http://localhost:8500/fpw/api/v1/stripeWebhook.cfc?method=handle [evt_1TYuA4Dg8q5PBa98Cw2v5Dbj]
2026-05-19 16:22:44   --> customer.created [evt_1TYuA4Dg8q5PBa98Y7spzcah]
2026-05-19 16:22:44  <--  [200] POST http://localhost:8500/fpw/api/v1/stripeWebhook.cfc?method=handle [evt_1TYuA4Dg8q5PBa98Y7spzcah]
2026-05-19 16:22:44   --> customer.subscription.created [evt_1TYuA4Dg8q5PBa98tYlWPvKC]
2026-05-19 16:22:44  <--  [200] POST http://localhost:8500/fpw/api/v1/stripeWebhook.cfc?method=handle [evt_1TYuA4Dg8q5PBa98tYlWPvKC]
2026-05-19 17:43:20   --> billing_portal.session.created [evt_1TYvQ4Dg8q5PBa98hK8ByUf4]
2026-05-19 17:43:20  <--  [500] POST http://localhost:8500/fpw/api/v1/stripeWebhook.cfc?method=handle [evt_1TYvQ4Dg8q5PBa98hK8ByUf4]
2026-05-19 17:44:11   --> billing_portal.session.created [evt_1TYvQtDg8q5PBa98cZOn0V4l]
2026-05-19 17:44:11  <--  [500] POST http://localhost:8500/fpw/api/v1/stripeWebhook.cfc?method=handle [evt_1TYvQtDg8q5PBa98cZOn0V4l]
2026-05-19 17:44:20   --> setup_intent.created [evt_1TYvR2Dg8q5PBa98TwSNfGys]
2026-05-19 17:44:20  <--  [500] POST http://localhost:8500/fpw/api/v1/stripeWebhook.cfc?method=handle [evt_1TYvR2Dg8q5PBa98TwSNfGys]
2026-05-19 17:44:34   --> payment_method.attached [evt_1TYvRGDg8q5PBa987eATjUCI]
2026-05-19 17:44:34  <--  [500] POST http://localhost:8500/fpw/api/v1/stripeWebhook.cfc?method=handle [evt_1TYvRGDg8q5PBa987eATjUCI]
2026-05-19 17:44:34   --> setup_intent.succeeded [evt_1TYvRGDg8q5PBa98iZBWB5V0]
2026-05-19 17:44:34  <--  [500] POST http://localhost:8500/fpw/api/v1/stripeWebhook.cfc?method=handle [evt_1TYvRGDg8q5PBa98iZBWB5V0]
2026-05-19 17:44:35   --> customer.subscription.updated [evt_1TYvRHDg8q5PBa98YIVNxoCq]
2026-05-19 17:44:36  <--  [200] POST http://localhost:8500/fpw/api/v1/stripeWebhook.cfc?method=handle [evt_1TYvRHDg8q5PBa98YIVNxoCq]
2026-05-19 17:44:36   --> customer.updated [evt_1TYvRHDg8q5PBa98ABDHsukd]
2026-05-19 17:44:36  <--  [500] POST http://localhost:8500/fpw/api/v1/stripeWebhook.cfc?method=handle [evt_1TYvRHDg8q5PBa98ABDHsukd]
2026-05-19 18:32:58   --> invoice.payment_succeeded [evt_1TYwC6Dg8q5PBa98vZIc8JRd]
2026-05-19 18:32:58   --> checkout.session.completed [evt_1TYwC6Dg8q5PBa98V9IHBy9B]
2026-05-19 18:32:58  <--  [200] POST http://localhost:8500/fpw/api/v1/stripeWebhook.cfc?method=handle [evt_1TYwC6Dg8q5PBa98V9IHBy9B]
2026-05-19 18:32:58  <--  [200] POST http://localhost:8500/fpw/api/v1/stripeWebhook.cfc?method=handle [evt_1TYwC6Dg8q5PBa98vZIc8JRd]
2026-05-19 18:32:58   --> invoice.finalized [evt_1TYwC6Dg8q5PBa98j18I2Uj0]
2026-05-19 18:32:58  <--  [500] POST http://localhost:8500/fpw/api/v1/stripeWebhook.cfc?method=handle [evt_1TYwC6Dg8q5PBa98j18I2Uj0]
2026-05-19 18:32:58   --> invoice.created [evt_1TYwC6Dg8q5PBa98XRQmxsBw]
2026-05-19 18:32:58  <--  [500] POST http://localhost:8500/fpw/api/v1/stripeWebhook.cfc?method=handle [evt_1TYwC6Dg8q5PBa98XRQmxsBw]
2026-05-19 18:32:58   --> invoice.paid [evt_1TYwC6Dg8q5PBa98gcDiWNWf]
2026-05-19 18:32:58  <--  [500] POST http://localhost:8500/fpw/api/v1/stripeWebhook.cfc?method=handle [evt_1TYwC6Dg8q5PBa98gcDiWNWf]
2026-05-19 18:32:58   --> customer.created [evt_1TYwC6Dg8q5PBa988YzDCnFT]
2026-05-19 18:32:58  <--  [500] POST http://localhost:8500/fpw/api/v1/stripeWebhook.cfc?method=handle [evt_1TYwC6Dg8q5PBa988YzDCnFT]
2026-05-19 18:32:58   --> customer.updated [evt_1TYwC6Dg8q5PBa982AnZ6KPs]
2026-05-19 18:32:58   --> customer.subscription.created [evt_1TYwC6Dg8q5PBa98adV0IMUv]
2026-05-19 18:32:58  <--  [200] POST http://localhost:8500/fpw/api/v1/stripeWebhook.cfc?method=handle [evt_1TYwC6Dg8q5PBa982AnZ6KPs]
2026-05-19 18:32:58  <--  [200] POST http://localhost:8500/fpw/api/v1/stripeWebhook.cfc?method=handle [evt_1TYwC6Dg8q5PBa98adV0IMUv]
2026-05-19 18:38:14   --> billing_portal.session.created [evt_1TYwHCDg8q5PBa98IL5VrktO]
2026-05-19 18:38:14  <--  [500] POST http://localhost:8500/fpw/api/v1/stripeWebhook.cfc?method=handle [evt_1TYwHCDg8q5PBa98IL5VrktO]
2026-05-19 18:38:21   --> setup_intent.created [evt_1TYwHIDg8q5PBa98JkXJSetJ]
2026-05-19 18:38:21  <--  [500] POST http://localhost:8500/fpw/api/v1/stripeWebhook.cfc?method=handle [evt_1TYwHIDg8q5PBa98JkXJSetJ]
2026-05-19 18:38:48   --> payment_method.attached [evt_1TYwHkDg8q5PBa98I2KstNtK]
2026-05-19 18:38:48  <--  [500] POST http://localhost:8500/fpw/api/v1/stripeWebhook.cfc?method=handle [evt_1TYwHkDg8q5PBa98I2KstNtK]
2026-05-19 18:38:48   --> setup_intent.succeeded [evt_1TYwHkDg8q5PBa98bS98SMLC]
2026-05-19 18:38:48  <--  [500] POST http://localhost:8500/fpw/api/v1/stripeWebhook.cfc?method=handle [evt_1TYwHkDg8q5PBa98bS98SMLC]
2026-05-19 18:38:49   --> customer.subscription.updated [evt_1TYwHlDg8q5PBa98T24MqRQE]
2026-05-19 18:38:49  <--  [200] POST http://localhost:8500/fpw/api/v1/stripeWebhook.cfc?method=handle [evt_1TYwHlDg8q5PBa98T24MqRQE]
2026-05-19 18:38:49   --> customer.updated [evt_1TYwHlDg8q5PBa98cCQbtyze]
2026-05-19 18:38:49  <--  [500] POST http://localhost:8500/fpw/api/v1/stripeWebhook.cfc?method=handle [evt_1TYwHlDg8q5PBa98cCQbtyze]
time="Tue, 19 May 2026 18:52:27 EDT" level=error msg="Error when writing ping message: websocket: close sent" prefix=websocket.Client.writePump
2026-05-19 19:18:31   --> customer.deleted [evt_1TYwuBDg8q5PBa98L06z95L7]
2026-05-19 19:18:31  <--  [200] POST http://localhost:8500/fpw/api/v1/stripeWebhook.cfc?method=handle [evt_1TYwuBDg8q5PBa98L06z95L7]
2026-05-19 19:18:32   --> mandate.updated [evt_1TYwuBDg8q5PBa98AbFlzp3T]
2026-05-19 19:18:32  <--  [500] POST http://localhost:8500/fpw/api/v1/stripeWebhook.cfc?method=handle [evt_1TYwuBDg8q5PBa98AbFlzp3T]
2026-05-19 19:18:32   --> customer.subscription.deleted [evt_1TYwuCDg8q5PBa989ODZVFNz]
2026-05-19 19:18:32  <--  [200] POST http://localhost:8500/fpw/api/v1/stripeWebhook.cfc?method=handle [evt_1TYwuCDg8q5PBa989ODZVFNz]
2026-05-19 19:18:33   --> customer.deleted [evt_1TYwuCDg8q5PBa98SEVlOc7b]
2026-05-19 19:18:33  <--  [500] POST http://localhost:8500/fpw/api/v1/stripeWebhook.cfc?method=handle [evt_1TYwuCDg8q5PBa98SEVlOc7b]
2026-05-19 19:18:33   --> mandate.updated [evt_1TYwuDDg8q5PBa98uFEJBbSe]
2026-05-19 19:18:33  <--  [200] POST http://localhost:8500/fpw/api/v1/stripeWebhook.cfc?method=handle [evt_1TYwuDDg8q5PBa98uFEJBbSe]
2026-05-19 19:18:33   --> customer.subscription.deleted [evt_1TYwuDDg8q5PBa98dpdbXe8K]
2026-05-19 19:18:33  <--  [200] POST http://localhost:8500/fpw/api/v1/stripeWebhook.cfc?method=handle [evt_1TYwuDDg8q5PBa98dpdbXe8K]
2026-05-19 19:18:34   --> customer.deleted [evt_1TYwuEDg8q5PBa98xUAFHNUU]
2026-05-19 19:18:34  <--  [200] POST http://localhost:8500/fpw/api/v1/stripeWebhook.cfc?method=handle [evt_1TYwuEDg8q5PBa98xUAFHNUU]
2026-05-19 19:18:34   --> mandate.updated [evt_1TYwuEDg8q5PBa989CkpwtuQ]
2026-05-19 19:18:34  <--  [500] POST http://localhost:8500/fpw/api/v1/stripeWebhook.cfc?method=handle [evt_1TYwuEDg8q5PBa989CkpwtuQ]
2026-05-19 19:18:35   --> customer.subscription.deleted [evt_1TYwuFDg8q5PBa98SqEmZWlt]
2026-05-19 19:18:35  <--  [500] POST http://localhost:8500/fpw/api/v1/stripeWebhook.cfc?method=handle [evt_1TYwuFDg8q5PBa98SqEmZWlt]
2026-05-19 19:18:35   --> customer.deleted [evt_1TYwuFDg8q5PBa988rHd3Qhj]
2026-05-19 19:18:35  <--  [500] POST http://localhost:8500/fpw/api/v1/stripeWebhook.cfc?method=handle [evt_1TYwuFDg8q5PBa988rHd3Qhj]
2026-05-19 19:18:36   --> mandate.updated [evt_1TYwuFDg8q5PBa98BQzdRvva]
2026-05-19 19:18:36  <--  [500] POST http://localhost:8500/fpw/api/v1/stripeWebhook.cfc?method=handle [evt_1TYwuFDg8q5PBa98BQzdRvva]
2026-05-19 19:18:36   --> customer.subscription.deleted [evt_1TYwuGDg8q5PBa989hlT1vgB]
2026-05-19 19:18:36  <--  [500] POST http://localhost:8500/fpw/api/v1/stripeWebhook.cfc?method=handle [evt_1TYwuGDg8q5PBa989hlT1vgB]
2026-05-19 19:18:36   --> customer.deleted [evt_1TYwuGDg8q5PBa98bPpe3yoa]
2026-05-19 19:18:37  <--  [500] POST http://localhost:8500/fpw/api/v1/stripeWebhook.cfc?method=handle [evt_1TYwuGDg8q5PBa98bPpe3yoa]
2026-05-19 19:18:37   --> customer.subscription.deleted [evt_1TYwuHDg8q5PBa984maT7ZYp]
2026-05-19 19:18:37  <--  [500] POST http://localhost:8500/fpw/api/v1/stripeWebhook.cfc?method=handle [evt_1TYwuHDg8q5PBa984maT7ZYp]
2026-05-19 19:20:36   --> invoice.payment_succeeded [evt_1TYwwBDg8q5PBa98S4qQS2Ie]
2026-05-19 19:20:36  <--  [200] POST http://localhost:8500/fpw/api/v1/stripeWebhook.cfc?method=handle [evt_1TYwwBDg8q5PBa98S4qQS2Ie]
2026-05-19 19:20:36   --> checkout.session.completed [evt_1TYwwBDg8q5PBa98mc6KhJj1]
2026-05-19 19:20:36  <--  [200] POST http://localhost:8500/fpw/api/v1/stripeWebhook.cfc?method=handle [evt_1TYwwBDg8q5PBa98mc6KhJj1]
2026-05-19 19:20:36   --> invoice.finalized [evt_1TYwwCDg8q5PBa98IpM8KGtK]
2026-05-19 19:20:36   --> invoice.created [evt_1TYwwBDg8q5PBa981owWqqSl]
2026-05-19 19:20:36  <--  [200] POST http://localhost:8500/fpw/api/v1/stripeWebhook.cfc?method=handle [evt_1TYwwCDg8q5PBa98IpM8KGtK]
2026-05-19 19:20:36  <--  [200] POST http://localhost:8500/fpw/api/v1/stripeWebhook.cfc?method=handle [evt_1TYwwBDg8q5PBa981owWqqSl]
2026-05-19 19:20:36   --> customer.created [evt_1TYwwCDg8q5PBa98sn2xSXcH]
2026-05-19 19:20:36  <--  [500] POST http://localhost:8500/fpw/api/v1/stripeWebhook.cfc?method=handle [evt_1TYwwCDg8q5PBa98sn2xSXcH]
2026-05-19 19:20:36   --> invoice.paid [evt_1TYwwCDg8q5PBa98UaCg9HGk]
2026-05-19 19:20:36  <--  [500] POST http://localhost:8500/fpw/api/v1/stripeWebhook.cfc?method=handle [evt_1TYwwCDg8q5PBa98UaCg9HGk]
2026-05-19 19:20:36   --> customer.updated [evt_1TYwwCDg8q5PBa98V5M4XHL8]
2026-05-19 19:20:36  <--  [500] POST http://localhost:8500/fpw/api/v1/stripeWebhook.cfc?method=handle [evt_1TYwwCDg8q5PBa98V5M4XHL8]
2026-05-19 19:20:36   --> customer.subscription.created [evt_1TYwwCDg8q5PBa987SUvegHm]
2026-05-19 19:20:36  <--  [200] POST http://localhost:8500/fpw/api/v1/stripeWebhook.cfc?method=handle [evt_1TYwwCDg8q5PBa987SUvegHm]
time="Tue, 19 May 2026 20:20:14 EDT" level=error msg="Error when writing ping message: websocket: close sent" prefix=websocket.Client.writePump
2026-05-19 21:08:10   --> billing_portal.session.created [evt_1TYycHDg8q5PBa98wskejkWA]
2026-05-19 21:08:10  <--  [200] POST http://localhost:8500/fpw/api/v1/stripeWebhook.cfc?method=handle [evt_1TYycHDg8q5PBa98wskejkWA]
2026-05-19 21:08:18   --> customer.subscription.updated [evt_1TYycPDg8q5PBa9808RmDFPU]
2026-05-19 21:08:18  <--  [500] POST http://localhost:8500/fpw/api/v1/stripeWebhook.cfc?method=handle [evt_1TYycPDg8q5PBa9808RmDFPU]
2026-05-19 21:08:34   --> customer.subscription.updated [evt_1TYycfDg8q5PBa98pReaxymH]
2026-05-19 21:08:34  <--  [500] POST http://localhost:8500/fpw/api/v1/stripeWebhook.cfc?method=handle [evt_1TYycfDg8q5PBa98pReaxymH]
2026-05-19 22:15:33   --> invoice.payment_succeeded [evt_1TYzfVDg8q5PBa98gS1r1cC9]
2026-05-19 22:15:33   --> invoice.created [evt_1TYzfVDg8q5PBa98y7R1tbTp]
2026-05-19 22:15:33  <--  [200] POST http://localhost:8500/fpw/api/v1/stripeWebhook.cfc?method=handle [evt_1TYzfVDg8q5PBa98gS1r1cC9]
2026-05-19 22:15:33  <--  [200] POST http://localhost:8500/fpw/api/v1/stripeWebhook.cfc?method=handle [evt_1TYzfVDg8q5PBa98y7R1tbTp]
2026-05-19 22:15:33   --> checkout.session.completed [evt_1TYzfVDg8q5PBa98XTVQZEds]
2026-05-19 22:15:33  <--  [200] POST http://localhost:8500/fpw/api/v1/stripeWebhook.cfc?method=handle [evt_1TYzfVDg8q5PBa98XTVQZEds]
2026-05-19 22:15:34   --> invoice.finalized [evt_1TYzfVDg8q5PBa98Hg86n6kv]
2026-05-19 22:15:34  <--  [200] POST http://localhost:8500/fpw/api/v1/stripeWebhook.cfc?method=handle [evt_1TYzfVDg8q5PBa98Hg86n6kv]
2026-05-19 22:15:34   --> invoice.paid [evt_1TYzfVDg8q5PBa98cJOGW3I0]
2026-05-19 22:15:34   --> customer.created [evt_1TYzfVDg8q5PBa98syePGtjQ]
2026-05-19 22:15:34  <--  [200] POST http://localhost:8500/fpw/api/v1/stripeWebhook.cfc?method=handle [evt_1TYzfVDg8q5PBa98syePGtjQ]
2026-05-19 22:15:34  <--  [200] POST http://localhost:8500/fpw/api/v1/stripeWebhook.cfc?method=handle [evt_1TYzfVDg8q5PBa98cJOGW3I0]
2026-05-19 22:15:34   --> customer.updated [evt_1TYzfVDg8q5PBa98wzmW41HM]
2026-05-19 22:15:34  <--  [200] POST http://localhost:8500/fpw/api/v1/stripeWebhook.cfc?method=handle [evt_1TYzfVDg8q5PBa98wzmW41HM]
2026-05-19 22:15:34   --> customer.subscription.created [evt_1TYzfWDg8q5PBa98NkFnxcnV]
2026-05-19 22:15:34  <--  [200] POST http://localhost:8500/fpw/api/v1/stripeWebhook.cfc?method=handle [evt_1TYzfWDg8q5PBa98NkFnxcnV]
2026-05-19 22:18:25   --> billing_portal.session.created [evt_1TYziHDg8q5PBa98FEcVIr2U]
2026-05-19 22:18:25  <--  [200] POST http://localhost:8500/fpw/api/v1/stripeWebhook.cfc?method=handle [evt_1TYziHDg8q5PBa98FEcVIr2U]
2026-05-19 22:18:31   --> setup_intent.created [evt_1TYziNDg8q5PBa988If2qkhq]
2026-05-19 22:18:31  <--  [200] POST http://localhost:8500/fpw/api/v1/stripeWebhook.cfc?method=handle [evt_1TYziNDg8q5PBa988If2qkhq]
2026-05-19 22:19:03   --> payment_method.attached [evt_1TYzitDg8q5PBa98TnVKPYbP]
2026-05-19 22:19:03  <--  [500] POST http://localhost:8500/fpw/api/v1/stripeWebhook.cfc?method=handle [evt_1TYzitDg8q5PBa98TnVKPYbP]
2026-05-19 22:19:03   --> setup_intent.succeeded [evt_1TYzitDg8q5PBa98wQYqKs7p]
2026-05-19 22:19:03  <--  [500] POST http://localhost:8500/fpw/api/v1/stripeWebhook.cfc?method=handle [evt_1TYzitDg8q5PBa98wQYqKs7p]
2026-05-19 22:19:05   --> customer.subscription.updated [evt_1TYziuDg8q5PBa98Pn3hgXoe]
2026-05-19 22:19:05  <--  [200] POST http://localhost:8500/fpw/api/v1/stripeWebhook.cfc?method=handle [evt_1TYziuDg8q5PBa98Pn3hgXoe]
2026-05-19 22:19:05   --> customer.updated [evt_1TYziuDg8q5PBa98Tqsesoeg]
2026-05-19 22:19:05  <--  [200] POST http://localhost:8500/fpw/api/v1/stripeWebhook.cfc?method=handle [evt_1TYziuDg8q5PBa98Tqsesoeg]
2026-05-19 22:35:03   --> customer.deleted [evt_1TYzyNDg8q5PBa98A6Vr7FCX]
2026-05-19 22:35:03  <--  [200] POST http://localhost:8500/fpw/api/v1/stripeWebhook.cfc?method=handle [evt_1TYzyNDg8q5PBa98A6Vr7FCX]
2026-05-19 22:35:04   --> mandate.updated [evt_1TYzyODg8q5PBa98eaSiHY6T]
2026-05-19 22:35:04  <--  [200] POST http://localhost:8500/fpw/api/v1/stripeWebhook.cfc?method=handle [evt_1TYzyODg8q5PBa98eaSiHY6T]
2026-05-19 22:35:05   --> customer.subscription.deleted [evt_1TYzyPDg8q5PBa98aoOKYhtD]
2026-05-19 22:35:05  <--  [200] POST http://localhost:8500/fpw/api/v1/stripeWebhook.cfc?method=handle [evt_1TYzyPDg8q5PBa98aoOKYhtD]
2026-05-19 22:35:06   --> customer.deleted [evt_1TYzyQDg8q5PBa98OYxnZ3pn]
2026-05-19 22:35:06  <--  [200] POST http://localhost:8500/fpw/api/v1/stripeWebhook.cfc?method=handle [evt_1TYzyQDg8q5PBa98OYxnZ3pn]
2026-05-19 22:35:07   --> customer.subscription.deleted [evt_1TYzyRDg8q5PBa98HiFtzhHA]
2026-05-19 22:35:07  <--  [200] POST http://localhost:8500/fpw/api/v1/stripeWebhook.cfc?method=handle [evt_1TYzyRDg8q5PBa98HiFtzhHA]
2026-05-19 22:35:57   --> invoice.payment_succeeded [evt_1TYzzFDg8q5PBa98TOhbsAyQ]
2026-05-19 22:35:57  <--  [200] POST http://localhost:8500/fpw/api/v1/stripeWebhook.cfc?method=handle [evt_1TYzzFDg8q5PBa98TOhbsAyQ]
2026-05-19 22:35:57   --> invoice.created [evt_1TYzzFDg8q5PBa98rwSx14YH]
2026-05-19 22:35:57  <--  [200] POST http://localhost:8500/fpw/api/v1/stripeWebhook.cfc?method=handle [evt_1TYzzFDg8q5PBa98rwSx14YH]
2026-05-19 22:35:57   --> checkout.session.completed [evt_1TYzzFDg8q5PBa987qQ0LTSn]
2026-05-19 22:35:57   --> invoice.finalized [evt_1TYzzFDg8q5PBa98ZLIV5xI7]
2026-05-19 22:35:57  <--  [200] POST http://localhost:8500/fpw/api/v1/stripeWebhook.cfc?method=handle [evt_1TYzzFDg8q5PBa987qQ0LTSn]
2026-05-19 22:35:57  <--  [200] POST http://localhost:8500/fpw/api/v1/stripeWebhook.cfc?method=handle [evt_1TYzzFDg8q5PBa98ZLIV5xI7]
2026-05-19 22:35:57   --> invoice.paid [evt_1TYzzFDg8q5PBa98Ee2bGI5V]
2026-05-19 22:35:57  <--  [200] POST http://localhost:8500/fpw/api/v1/stripeWebhook.cfc?method=handle [evt_1TYzzFDg8q5PBa98Ee2bGI5V]
2026-05-19 22:35:57   --> customer.created [evt_1TYzzFDg8q5PBa981TFBWnXx]
2026-05-19 22:35:58  <--  [200] POST http://localhost:8500/fpw/api/v1/stripeWebhook.cfc?method=handle [evt_1TYzzFDg8q5PBa981TFBWnXx]
2026-05-19 22:35:58   --> customer.updated [evt_1TYzzFDg8q5PBa98jSKzoXzJ]
2026-05-19 22:35:58  <--  [500] POST http://localhost:8500/fpw/api/v1/stripeWebhook.cfc?method=handle [evt_1TYzzFDg8q5PBa98jSKzoXzJ]
2026-05-19 22:35:58   --> customer.subscription.created [evt_1TYzzFDg8q5PBa98TaouK9i5]
2026-05-19 22:35:58  <--  [500] POST http://localhost:8500/fpw/api/v1/stripeWebhook.cfc?method=handle [evt_1TYzzFDg8q5PBa98TaouK9i5]
2026-05-19 23:10:30   --> checkout.session.expired [evt_1TZ0WgDg8q5PBa98Hv6vtRfq]
2026-05-19 23:10:30  <--  [200] POST http://localhost:8500/fpw/api/v1/stripeWebhook.cfc?method=handle [evt_1TZ0WgDg8q5PBa98Hv6vtRfq]
2026-05-19 23:10:31   --> checkout.session.expired [evt_1TZ0WgDg8q5PBa98Cszs3A22]
2026-05-19 23:10:31  <--  [200] POST http://localhost:8500/fpw/api/v1/stripeWebhook.cfc?method=handle [evt_1TZ0WgDg8q5PBa98Cszs3A22]
2026-05-19 23:12:34   --> checkout.session.expired [evt_1TZ0YgDg8q5PBa983AQ3bmId]
2026-05-19 23:12:34  <--  [200] POST http://localhost:8500/fpw/api/v1/stripeWebhook.cfc?method=handle [evt_1TZ0YgDg8q5PBa983AQ3bmId]
2026-05-19 23:12:35   --> checkout.session.expired [evt_1TZ0YhDg8q5PBa98C2o6RsgF]
2026-05-19 23:12:35  <--  [500] POST http://localhost:8500/fpw/api/v1/stripeWebhook.cfc?method=handle [evt_1TZ0YhDg8q5PBa98C2o6RsgF]
2026-05-19 23:12:35   --> checkout.session.expired [evt_1TZ0YhDg8q5PBa98wy2Wrktm]
2026-05-19 23:12:35  <--  [200] POST http://localhost:8500/fpw/api/v1/stripeWebhook.cfc?method=handle [evt_1TZ0YhDg8q5PBa98wy2Wrktm]
time="Wed, 20 May 2026 00:25:50 EDT" level=error msg="Error when writing ping message: websocket: close sent" prefix=websocket.Client.writePump
time="Wed, 20 May 2026 04:53:09 EDT" level=error msg="Error when writing ping message: websocket: close sent" prefix=websocket.Client.writePump
time="Wed, 20 May 2026 05:13:06 EDT" level=error msg="Error when writing ping message: websocket: close sent" prefix=websocket.Client.writePump
time="Wed, 20 May 2026 06:00:59 EDT" level=error msg="Error when writing ping message: websocket: close sent" prefix=websocket.Client.writePump
time="Wed, 20 May 2026 06:16:56 EDT" level=error msg="Error when writing ping message: websocket: close sent" prefix=websocket.Client.writePump
time="Wed, 20 May 2026 06:56:51 EDT" level=error msg="Error when writing ping message: websocket: close sent" prefix=websocket.Client.writePump
2026-05-20 10:23:09   --> checkout.session.expired [evt_1TZB1dDg8q5PBa986d0ohp4K]
2026-05-20 10:23:09  <--  [200] POST http://localhost:8500/fpw/api/v1/stripeWebhook.cfc?method=handle [evt_1TZB1dDg8q5PBa986d0ohp4K]
2026-05-20 10:34:02   --> checkout.session.expired [evt_1TZBCADg8q5PBa981hOuDK46]
2026-05-20 10:34:02  <--  [200] POST http://localhost:8500/fpw/api/v1/stripeWebhook.cfc?method=handle [evt_1TZBCADg8q5PBa981hOuDK46]
2026-05-20 10:51:32   --> customer.deleted [evt_1TZBT6Dg8q5PBa98EqdTKcs4]
2026-05-20 10:51:32  <--  [200] POST http://localhost:8500/fpw/api/v1/stripeWebhook.cfc?method=handle [evt_1TZBT6Dg8q5PBa98EqdTKcs4]
2026-05-20 10:51:33   --> customer.subscription.deleted [evt_1TZBT7Dg8q5PBa98wZhkF4n7]
2026-05-20 10:51:33  <--  [200] POST http://localhost:8500/fpw/api/v1/stripeWebhook.cfc?method=handle [evt_1TZBT7Dg8q5PBa98wZhkF4n7]
2026-05-20 10:52:26   --> invoice.payment_succeeded [evt_1TZBTyDg8q5PBa9852EZu4De]
2026-05-20 10:52:26   --> invoice.created [evt_1TZBTyDg8q5PBa98QKOQLnkU]
2026-05-20 10:52:27  <--  [200] POST http://localhost:8500/fpw/api/v1/stripeWebhook.cfc?method=handle [evt_1TZBTyDg8q5PBa98QKOQLnkU]
2026-05-20 10:52:27  <--  [200] POST http://localhost:8500/fpw/api/v1/stripeWebhook.cfc?method=handle [evt_1TZBTyDg8q5PBa9852EZu4De]
2026-05-20 10:52:27   --> invoice.finalized [evt_1TZBTyDg8q5PBa98w70K5z1h]
2026-05-20 10:52:27   --> checkout.session.completed [evt_1TZBTyDg8q5PBa98Ztlg1g4K]
2026-05-20 10:52:27   --> customer.created [evt_1TZBTyDg8q5PBa98kUwKfd3b]
2026-05-20 10:52:27   --> invoice.paid [evt_1TZBTyDg8q5PBa9813vVf2nN]
2026-05-20 10:52:27   --> customer.updated [evt_1TZBTyDg8q5PBa9873pw8ZXK]
2026-05-20 10:52:27  <--  [200] POST http://localhost:8500/fpw/api/v1/stripeWebhook.cfc?method=handle [evt_1TZBTyDg8q5PBa98w70K5z1h]
2026-05-20 10:52:27  <--  [200] POST http://localhost:8500/fpw/api/v1/stripeWebhook.cfc?method=handle [evt_1TZBTyDg8q5PBa98kUwKfd3b]
2026-05-20 10:52:27  <--  [200] POST http://localhost:8500/fpw/api/v1/stripeWebhook.cfc?method=handle [evt_1TZBTyDg8q5PBa98Ztlg1g4K]
2026-05-20 10:52:27  <--  [200] POST http://localhost:8500/fpw/api/v1/stripeWebhook.cfc?method=handle [evt_1TZBTyDg8q5PBa9873pw8ZXK]
2026-05-20 10:52:27  <--  [200] POST http://localhost:8500/fpw/api/v1/stripeWebhook.cfc?method=handle [evt_1TZBTyDg8q5PBa9813vVf2nN]
2026-05-20 10:52:27   --> customer.subscription.created [evt_1TZBTyDg8q5PBa98ucOLyq44]
2026-05-20 10:52:27  <--  [200] POST http://localhost:8500/fpw/api/v1/stripeWebhook.cfc?method=handle [evt_1TZBTyDg8q5PBa98ucOLyq44]
2026-05-20 11:11:24   --> invoice.payment_succeeded [evt_1TZBmJDg8q5PBa98q0tf5RKQ]
2026-05-20 11:11:24  <--  [200] POST http://localhost:8500/fpw/api/v1/stripeWebhook.cfc?method=handle [evt_1TZBmJDg8q5PBa98q0tf5RKQ]
2026-05-20 11:11:24   --> invoice.created [evt_1TZBmJDg8q5PBa98ANAB58qc]
2026-05-20 11:11:24  <--  [200] POST http://localhost:8500/fpw/api/v1/stripeWebhook.cfc?method=handle [evt_1TZBmJDg8q5PBa98ANAB58qc]
2026-05-20 11:11:24   --> checkout.session.completed [evt_1TZBmJDg8q5PBa98rdJvjJoQ]
2026-05-20 11:11:24  <--  [200] POST http://localhost:8500/fpw/api/v1/stripeWebhook.cfc?method=handle [evt_1TZBmJDg8q5PBa98rdJvjJoQ]
2026-05-20 11:11:24   --> invoice.finalized [evt_1TZBmKDg8q5PBa98vS5EvJS3]
2026-05-20 11:11:24  <--  [200] POST http://localhost:8500/fpw/api/v1/stripeWebhook.cfc?method=handle [evt_1TZBmKDg8q5PBa98vS5EvJS3]
2026-05-20 11:11:24   --> invoice.paid [evt_1TZBmKDg8q5PBa98U89wRiCd]
2026-05-20 11:11:24  <--  [200] POST http://localhost:8500/fpw/api/v1/stripeWebhook.cfc?method=handle [evt_1TZBmKDg8q5PBa98U89wRiCd]
2026-05-20 11:11:24   --> customer.created [evt_1TZBmKDg8q5PBa98ssdD2chE]
2026-05-20 11:11:24  <--  [200] POST http://localhost:8500/fpw/api/v1/stripeWebhook.cfc?method=handle [evt_1TZBmKDg8q5PBa98ssdD2chE]
2026-05-20 11:11:24   --> customer.updated [evt_1TZBmKDg8q5PBa984hntjiXz]
2026-05-20 11:11:24  <--  [200] POST http://localhost:8500/fpw/api/v1/stripeWebhook.cfc?method=handle [evt_1TZBmKDg8q5PBa984hntjiXz]
2026-05-20 11:11:24   --> customer.subscription.created [evt_1TZBmKDg8q5PBa98BkqU1SWZ]
2026-05-20 11:11:24  <--  [200] POST http://localhost:8500/fpw/api/v1/stripeWebhook.cfc?method=handle [evt_1TZBmKDg8q5PBa98BkqU1SWZ]
time="Wed, 20 May 2026 12:55:13 EDT" level=error msg="Error when writing ping message: websocket: close sent" prefix=websocket.Client.writePump
2026-05-20 14:43:33   --> customer.deleted [evt_1TZF5cDg8q5PBa986qY9lCa7]
2026-05-20 14:43:33  <--  [200] POST http://localhost:8500/fpw/api/v1/stripeWebhook.cfc?method=handle [evt_1TZF5cDg8q5PBa986qY9lCa7]
2026-05-20 14:43:33   --> customer.subscription.deleted [evt_1TZF5dDg8q5PBa98m6z8MbDr]
2026-05-20 14:43:33  <--  [200] POST http://localhost:8500/fpw/api/v1/stripeWebhook.cfc?method=handle [evt_1TZF5dDg8q5PBa98m6z8MbDr]
2026-05-20 14:43:34   --> customer.deleted [evt_1TZF5eDg8q5PBa98z2tkeUAj]
2026-05-20 14:43:34  <--  [200] POST http://localhost:8500/fpw/api/v1/stripeWebhook.cfc?method=handle [evt_1TZF5eDg8q5PBa98z2tkeUAj]
2026-05-20 14:43:35   --> customer.subscription.deleted [evt_1TZF5eDg8q5PBa98TIdYTlm8]
2026-05-20 14:43:35  <--  [200] POST http://localhost:8500/fpw/api/v1/stripeWebhook.cfc?method=handle [evt_1TZF5eDg8q5PBa98TIdYTlm8]
2026-05-20 14:44:42   --> invoice.payment_succeeded [evt_1TZF6jDg8q5PBa98TqWCU1Cu]
2026-05-20 14:44:42  <--  [200] POST http://localhost:8500/fpw/api/v1/stripeWebhook.cfc?method=handle [evt_1TZF6jDg8q5PBa98TqWCU1Cu]
2026-05-20 14:44:42   --> invoice.created [evt_1TZF6jDg8q5PBa98vuapQNM7]
2026-05-20 14:44:42  <--  [200] POST http://localhost:8500/fpw/api/v1/stripeWebhook.cfc?method=handle [evt_1TZF6jDg8q5PBa98vuapQNM7]
2026-05-20 14:44:42   --> checkout.session.completed [evt_1TZF6jDg8q5PBa98E9CD1YOL]
2026-05-20 14:44:42  <--  [200] POST http://localhost:8500/fpw/api/v1/stripeWebhook.cfc?method=handle [evt_1TZF6jDg8q5PBa98E9CD1YOL]
2026-05-20 14:44:42   --> invoice.finalized [evt_1TZF6kDg8q5PBa98xnIIApqH]
2026-05-20 14:44:42  <--  [200] POST http://localhost:8500/fpw/api/v1/stripeWebhook.cfc?method=handle [evt_1TZF6kDg8q5PBa98xnIIApqH]
2026-05-20 14:44:42   --> invoice.paid [evt_1TZF6kDg8q5PBa98Z3HFa6d9]
2026-05-20 14:44:42  <--  [200] POST http://localhost:8500/fpw/api/v1/stripeWebhook.cfc?method=handle [evt_1TZF6kDg8q5PBa98Z3HFa6d9]
2026-05-20 14:44:42   --> customer.updated [evt_1TZF6kDg8q5PBa98MK6reWXO]
2026-05-20 14:44:42  <--  [200] POST http://localhost:8500/fpw/api/v1/stripeWebhook.cfc?method=handle [evt_1TZF6kDg8q5PBa98MK6reWXO]
2026-05-20 14:44:42   --> customer.created [evt_1TZF6kDg8q5PBa988diMJnw5]
2026-05-20 14:44:42  <--  [200] POST http://localhost:8500/fpw/api/v1/stripeWebhook.cfc?method=handle [evt_1TZF6kDg8q5PBa988diMJnw5]
2026-05-20 14:44:42   --> customer.subscription.created [evt_1TZF6kDg8q5PBa98aM7xQ61T]
2026-05-20 14:44:42  <--  [200] POST http://localhost:8500/fpw/api/v1/stripeWebhook.cfc?method=handle [evt_1TZF6kDg8q5PBa98aM7xQ61T]
2026-05-20 14:53:25   --> customer.deleted [evt_1TZFFBDg8q5PBa98MyoYFpTw]
2026-05-20 14:53:25  <--  [200] POST http://localhost:8500/fpw/api/v1/stripeWebhook.cfc?method=handle [evt_1TZFFBDg8q5PBa98MyoYFpTw]
2026-05-20 14:53:26   --> customer.subscription.deleted [evt_1TZFFCDg8q5PBa98b7SYRbak]
2026-05-20 14:53:26  <--  [200] POST http://localhost:8500/fpw/api/v1/stripeWebhook.cfc?method=handle [evt_1TZFFCDg8q5PBa98b7SYRbak]
2026-05-20 14:53:57   --> invoice.payment_succeeded [evt_1TZFFhDg8q5PBa98FJ99dy1p]
2026-05-20 14:53:57  <--  [200] POST http://localhost:8500/fpw/api/v1/stripeWebhook.cfc?method=handle [evt_1TZFFhDg8q5PBa98FJ99dy1p]
2026-05-20 14:53:57   --> invoice.created [evt_1TZFFhDg8q5PBa985wbwdepd]
2026-05-20 14:53:57  <--  [200] POST http://localhost:8500/fpw/api/v1/stripeWebhook.cfc?method=handle [evt_1TZFFhDg8q5PBa985wbwdepd]
2026-05-20 14:53:57   --> checkout.session.completed [evt_1TZFFhDg8q5PBa988B9XjTGA]
2026-05-20 14:53:57  <--  [200] POST http://localhost:8500/fpw/api/v1/stripeWebhook.cfc?method=handle [evt_1TZFFhDg8q5PBa988B9XjTGA]
2026-05-20 14:53:57   --> invoice.finalized [evt_1TZFFhDg8q5PBa98vXYZ2ZEX]
2026-05-20 14:53:57  <--  [200] POST http://localhost:8500/fpw/api/v1/stripeWebhook.cfc?method=handle [evt_1TZFFhDg8q5PBa98vXYZ2ZEX]
2026-05-20 14:53:57   --> invoice.paid [evt_1TZFFhDg8q5PBa98B0Q2Ebct]
2026-05-20 14:53:57  <--  [200] POST http://localhost:8500/fpw/api/v1/stripeWebhook.cfc?method=handle [evt_1TZFFhDg8q5PBa98B0Q2Ebct]
2026-05-20 14:53:57   --> customer.created [evt_1TZFFhDg8q5PBa98D5GHY15a]
2026-05-20 14:53:57  <--  [200] POST http://localhost:8500/fpw/api/v1/stripeWebhook.cfc?method=handle [evt_1TZFFhDg8q5PBa98D5GHY15a]
2026-05-20 14:53:57   --> customer.updated [evt_1TZFFhDg8q5PBa98FuCBTIgc]
2026-05-20 14:53:57  <--  [200] POST http://localhost:8500/fpw/api/v1/stripeWebhook.cfc?method=handle [evt_1TZFFhDg8q5PBa98FuCBTIgc]
2026-05-20 14:53:58   --> customer.subscription.created [evt_1TZFFhDg8q5PBa98fJkntXLJ]
2026-05-20 14:53:58  <--  [200] POST http://localhost:8500/fpw/api/v1/stripeWebhook.cfc?method=handle [evt_1TZFFhDg8q5PBa98fJkntXLJ]
2026-05-20 15:07:23   --> customer.deleted [evt_1TZFShDg8q5PBa98MGY6POax]
2026-05-20 15:07:23  <--  [200] POST http://localhost:8500/fpw/api/v1/stripeWebhook.cfc?method=handle [evt_1TZFShDg8q5PBa98MGY6POax]
2026-05-20 15:07:23   --> customer.subscription.deleted [evt_1TZFShDg8q5PBa98xcwvK8uc]
2026-05-20 15:07:23  <--  [200] POST http://localhost:8500/fpw/api/v1/stripeWebhook.cfc?method=handle [evt_1TZFShDg8q5PBa98xcwvK8uc]
2026-05-20 15:10:15   --> invoice.payment_succeeded [evt_1TZFVTDg8q5PBa98X2Bwq9vw]
2026-05-20 15:10:15  <--  [200] POST http://localhost:8500/fpw/api/v1/stripeWebhook.cfc?method=handle [evt_1TZFVTDg8q5PBa98X2Bwq9vw]
2026-05-20 15:10:15   --> invoice.created [evt_1TZFVTDg8q5PBa98el4lo8h1]
2026-05-20 15:10:15   --> checkout.session.completed [evt_1TZFVTDg8q5PBa98dtvz90IL]
2026-05-20 15:10:16  <--  [200] POST http://localhost:8500/fpw/api/v1/stripeWebhook.cfc?method=handle [evt_1TZFVTDg8q5PBa98el4lo8h1]
2026-05-20 15:10:16  <--  [200] POST http://localhost:8500/fpw/api/v1/stripeWebhook.cfc?method=handle [evt_1TZFVTDg8q5PBa98dtvz90IL]
2026-05-20 15:10:16   --> invoice.finalized [evt_1TZFVTDg8q5PBa98nrrGzqMH]
2026-05-20 15:10:16  <--  [200] POST http://localhost:8500/fpw/api/v1/stripeWebhook.cfc?method=handle [evt_1TZFVTDg8q5PBa98nrrGzqMH]
2026-05-20 15:10:16   --> invoice.paid [evt_1TZFVUDg8q5PBa98ThwdQdkw]
2026-05-20 15:10:16  <--  [200] POST http://localhost:8500/fpw/api/v1/stripeWebhook.cfc?method=handle [evt_1TZFVUDg8q5PBa98ThwdQdkw]
2026-05-20 15:10:16   --> customer.created [evt_1TZFVUDg8q5PBa98WF0OWsmo]
2026-05-20 15:10:16  <--  [200] POST http://localhost:8500/fpw/api/v1/stripeWebhook.cfc?method=handle [evt_1TZFVUDg8q5PBa98WF0OWsmo]
2026-05-20 15:10:16   --> customer.updated [evt_1TZFVUDg8q5PBa988LFcWK6i]
2026-05-20 15:10:16  <--  [200] POST http://localhost:8500/fpw/api/v1/stripeWebhook.cfc?method=handle [evt_1TZFVUDg8q5PBa988LFcWK6i]
2026-05-20 15:10:16   --> customer.subscription.created [evt_1TZFVUDg8q5PBa984pGxnr8a]
2026-05-20 15:10:16  <--  [200] POST http://localhost:8500/fpw/api/v1/stripeWebhook.cfc?method=handle [evt_1TZFVUDg8q5PBa984pGxnr8a]
2026-05-20 15:21:15   --> customer.deleted [evt_1TZFg6Dg8q5PBa98KZELGe86]
2026-05-20 15:21:15  <--  [200] POST http://localhost:8500/fpw/api/v1/stripeWebhook.cfc?method=handle [evt_1TZFg6Dg8q5PBa98KZELGe86]
2026-05-20 15:21:16   --> customer.subscription.deleted [evt_1TZFg8Dg8q5PBa98Lx8sxcgW]
2026-05-20 15:21:16  <--  [200] POST http://localhost:8500/fpw/api/v1/stripeWebhook.cfc?method=handle [evt_1TZFg8Dg8q5PBa98Lx8sxcgW]
2026-05-20 15:22:47   --> invoice.payment_succeeded [evt_1TZFhbDg8q5PBa98ZxkMFaA9]
2026-05-20 15:22:47  <--  [200] POST http://localhost:8500/fpw/api/v1/stripeWebhook.cfc?method=handle [evt_1TZFhbDg8q5PBa98ZxkMFaA9]
2026-05-20 15:22:47   --> checkout.session.completed [evt_1TZFhbDg8q5PBa98gQqePn1b]
2026-05-20 15:22:47  <--  [200] POST http://localhost:8500/fpw/api/v1/stripeWebhook.cfc?method=handle [evt_1TZFhbDg8q5PBa98gQqePn1b]
2026-05-20 15:22:47   --> invoice.created [evt_1TZFhbDg8q5PBa98b7C1OdOC]
2026-05-20 15:22:47  <--  [200] POST http://localhost:8500/fpw/api/v1/stripeWebhook.cfc?method=handle [evt_1TZFhbDg8q5PBa98b7C1OdOC]
2026-05-20 15:22:47   --> invoice.finalized [evt_1TZFhbDg8q5PBa98E3qIBzY2]
2026-05-20 15:22:47  <--  [200] POST http://localhost:8500/fpw/api/v1/stripeWebhook.cfc?method=handle [evt_1TZFhbDg8q5PBa98E3qIBzY2]
2026-05-20 15:22:47   --> invoice.paid [evt_1TZFhbDg8q5PBa98qIplgQ8T]
2026-05-20 15:22:47  <--  [200] POST http://localhost:8500/fpw/api/v1/stripeWebhook.cfc?method=handle [evt_1TZFhbDg8q5PBa98qIplgQ8T]
2026-05-20 15:22:48   --> customer.created [evt_1TZFhbDg8q5PBa987sKmFP6A]
2026-05-20 15:22:48  <--  [200] POST http://localhost:8500/fpw/api/v1/stripeWebhook.cfc?method=handle [evt_1TZFhbDg8q5PBa987sKmFP6A]
2026-05-20 15:22:48   --> customer.updated [evt_1TZFhbDg8q5PBa987B1jU87n]
2026-05-20 15:22:48  <--  [200] POST http://localhost:8500/fpw/api/v1/stripeWebhook.cfc?method=handle [evt_1TZFhbDg8q5PBa987B1jU87n]
2026-05-20 15:22:48   --> customer.subscription.created [evt_1TZFhcDg8q5PBa980AHzq9OQ]
2026-05-20 15:22:48  <--  [200] POST http://localhost:8500/fpw/api/v1/stripeWebhook.cfc?method=handle [evt_1TZFhcDg8q5PBa980AHzq9OQ]
2026-05-20 15:32:53   --> customer.deleted [evt_1TZFrNDg8q5PBa98jNf8FcJh]
2026-05-20 15:32:53  <--  [200] POST http://localhost:8500/fpw/api/v1/stripeWebhook.cfc?method=handle [evt_1TZFrNDg8q5PBa98jNf8FcJh]
2026-05-20 15:32:53   --> customer.subscription.deleted [evt_1TZFrNDg8q5PBa98YnoM0IPq]
2026-05-20 15:32:53  <--  [200] POST http://localhost:8500/fpw/api/v1/stripeWebhook.cfc?method=handle [evt_1TZFrNDg8q5PBa98YnoM0IPq]
2026-05-20 15:33:43   --> checkout.session.completed [evt_1TZFsBDg8q5PBa98w8dZWji2]
2026-05-20 15:33:43   --> invoice.payment_succeeded [evt_1TZFsBDg8q5PBa98ab6QxJYP]
2026-05-20 15:33:43  <--  [200] POST http://localhost:8500/fpw/api/v1/stripeWebhook.cfc?method=handle [evt_1TZFsBDg8q5PBa98w8dZWji2]
2026-05-20 15:33:43  <--  [200] POST http://localhost:8500/fpw/api/v1/stripeWebhook.cfc?method=handle [evt_1TZFsBDg8q5PBa98ab6QxJYP]
2026-05-20 15:33:43   --> invoice.created [evt_1TZFsBDg8q5PBa98A2IyPAol]
2026-05-20 15:33:43  <--  [200] POST http://localhost:8500/fpw/api/v1/stripeWebhook.cfc?method=handle [evt_1TZFsBDg8q5PBa98A2IyPAol]
2026-05-20 15:33:43   --> invoice.finalized [evt_1TZFsBDg8q5PBa98tCG8kk1o]
2026-05-20 15:33:43  <--  [200] POST http://localhost:8500/fpw/api/v1/stripeWebhook.cfc?method=handle [evt_1TZFsBDg8q5PBa98tCG8kk1o]
2026-05-20 15:33:44   --> invoice.paid [evt_1TZFsBDg8q5PBa989gSwNVkn]
2026-05-20 15:33:44  <--  [200] POST http://localhost:8500/fpw/api/v1/stripeWebhook.cfc?method=handle [evt_1TZFsBDg8q5PBa989gSwNVkn]
2026-05-20 15:33:44   --> customer.created [evt_1TZFsBDg8q5PBa98rCrWd3VE]
2026-05-20 15:33:44  <--  [200] POST http://localhost:8500/fpw/api/v1/stripeWebhook.cfc?method=handle [evt_1TZFsBDg8q5PBa98rCrWd3VE]
2026-05-20 15:33:44   --> customer.updated [evt_1TZFsCDg8q5PBa98e3foGhKR]
2026-05-20 15:33:44  <--  [200] POST http://localhost:8500/fpw/api/v1/stripeWebhook.cfc?method=handle [evt_1TZFsCDg8q5PBa98e3foGhKR]
2026-05-20 15:33:44   --> customer.subscription.created [evt_1TZFsCDg8q5PBa98Xidf7DhB]
2026-05-20 15:33:44  <--  [200] POST http://localhost:8500/fpw/api/v1/stripeWebhook.cfc?method=handle [evt_1TZFsCDg8q5PBa98Xidf7DhB]
2026-05-20 15:46:59   --> invoice.payment_succeeded [evt_1TZG51Dg8q5PBa98GDMxBiq2]
2026-05-20 15:46:59  <--  [200] POST http://localhost:8500/fpw/api/v1/stripeWebhook.cfc?method=handle [evt_1TZG51Dg8q5PBa98GDMxBiq2]
2026-05-20 15:46:59   --> checkout.session.completed [evt_1TZG51Dg8q5PBa985aKt7HQH]
2026-05-20 15:46:59  <--  [200] POST http://localhost:8500/fpw/api/v1/stripeWebhook.cfc?method=handle [evt_1TZG51Dg8q5PBa985aKt7HQH]
2026-05-20 15:47:00   --> invoice.created [evt_1TZG51Dg8q5PBa98GvauklOP]
2026-05-20 15:47:00  <--  [200] POST http://localhost:8500/fpw/api/v1/stripeWebhook.cfc?method=handle [evt_1TZG51Dg8q5PBa98GvauklOP]
2026-05-20 15:47:00   --> invoice.finalized [evt_1TZG51Dg8q5PBa98dmrP2f20]
2026-05-20 15:47:00  <--  [200] POST http://localhost:8500/fpw/api/v1/stripeWebhook.cfc?method=handle [evt_1TZG51Dg8q5PBa98dmrP2f20]
2026-05-20 15:47:00   --> invoice.paid [evt_1TZG52Dg8q5PBa986SvN870j]
2026-05-20 15:47:00  <--  [200] POST http://localhost:8500/fpw/api/v1/stripeWebhook.cfc?method=handle [evt_1TZG52Dg8q5PBa986SvN870j]
2026-05-20 15:47:00   --> customer.created [evt_1TZG52Dg8q5PBa98TWZ5SAWH]
2026-05-20 15:47:00  <--  [200] POST http://localhost:8500/fpw/api/v1/stripeWebhook.cfc?method=handle [evt_1TZG52Dg8q5PBa98TWZ5SAWH]
2026-05-20 15:47:00   --> customer.updated [evt_1TZG52Dg8q5PBa98eUH9ZaxQ]
2026-05-20 15:47:00  <--  [200] POST http://localhost:8500/fpw/api/v1/stripeWebhook.cfc?method=handle [evt_1TZG52Dg8q5PBa98eUH9ZaxQ]
2026-05-20 15:47:00   --> customer.subscription.created [evt_1TZG52Dg8q5PBa98rbn2Frqk]
2026-05-20 15:47:00  <--  [200] POST http://localhost:8500/fpw/api/v1/stripeWebhook.cfc?method=handle [evt_1TZG52Dg8q5PBa98rbn2Frqk]
time="Wed, 20 May 2026 16:26:41 EDT" level=error msg="Error when writing ping message: websocket: close sent" prefix=websocket.Client.writePump
time="Wed, 20 May 2026 16:58:37 EDT" level=error msg="Error when writing ping message: websocket: close sent" prefix=websocket.Client.writePump
time="Wed, 20 May 2026 17:30:32 EDT" level=error msg="Error when writing ping message: websocket: close sent" prefix=websocket.Client.writePump
time="Wed, 20 May 2026 17:54:29 EDT" level=error msg="Error when writing ping message: websocket: close sent" prefix=websocket.Client.writePump
time="Wed, 20 May 2026 18:22:25 EDT" level=error msg="Error when writing ping message: websocket: close sent" prefix=websocket.Client.writePump
2026-05-20 20:25:30   --> invoice.payment_succeeded [evt_1TZKQYDg8q5PBa98hjQ3aMbb]
2026-05-20 20:25:30  <--  [404] POST http://localhost:8500/fpw/api/v1/stripeWebhook.cfc?method=handle [evt_1TZKQYDg8q5PBa98hjQ3aMbb]
2026-05-20 20:25:30   --> checkout.session.completed [evt_1TZKQYDg8q5PBa980uJffgHQ]
2026-05-20 20:25:30  <--  [404] POST http://localhost:8500/fpw/api/v1/stripeWebhook.cfc?method=handle [evt_1TZKQYDg8q5PBa980uJffgHQ]
2026-05-20 20:25:30   --> invoice.created [evt_1TZKQYDg8q5PBa98EIR7Gaa2]
2026-05-20 20:25:30  <--  [404] POST http://localhost:8500/fpw/api/v1/stripeWebhook.cfc?method=handle [evt_1TZKQYDg8q5PBa98EIR7Gaa2]
2026-05-20 20:25:30   --> invoice.finalized [evt_1TZKQYDg8q5PBa98O7AGZswQ]
2026-05-20 20:25:30  <--  [404] POST http://localhost:8500/fpw/api/v1/stripeWebhook.cfc?method=handle [evt_1TZKQYDg8q5PBa98O7AGZswQ]
2026-05-20 20:25:30   --> invoice.paid [evt_1TZKQYDg8q5PBa98qdCAadwA]
2026-05-20 20:25:30  <--  [404] POST http://localhost:8500/fpw/api/v1/stripeWebhook.cfc?method=handle [evt_1TZKQYDg8q5PBa98qdCAadwA]
2026-05-20 20:25:30   --> customer.created [evt_1TZKQYDg8q5PBa98W1MGJaMZ]
2026-05-20 20:25:30  <--  [404] POST http://localhost:8500/fpw/api/v1/stripeWebhook.cfc?method=handle [evt_1TZKQYDg8q5PBa98W1MGJaMZ]
2026-05-20 20:25:30   --> customer.updated [evt_1TZKQYDg8q5PBa98S3E3ggPY]
2026-05-20 20:25:30  <--  [404] POST http://localhost:8500/fpw/api/v1/stripeWebhook.cfc?method=handle [evt_1TZKQYDg8q5PBa98S3E3ggPY]
2026-05-20 20:25:31   --> customer.subscription.created [evt_1TZKQYDg8q5PBa982ggBebmJ]
2026-05-20 20:25:31  <--  [404] POST http://localhost:8500/fpw/api/v1/stripeWebhook.cfc?method=handle [evt_1TZKQYDg8q5PBa982ggBebmJ]
2026-05-20 20:45:55   --> billing_portal.session.created [evt_1TZKkIDg8q5PBa980p9qBefB]
2026-05-20 20:45:55  <--  [404] POST http://localhost:8500/fpw/api/v1/stripeWebhook.cfc?method=handle [evt_1TZKkIDg8q5PBa980p9qBefB]
2026-05-20 20:46:04   --> setup_intent.created [evt_1TZKkSDg8q5PBa98R5JDyaOb]
2026-05-20 20:46:04  <--  [404] POST http://localhost:8500/fpw/api/v1/stripeWebhook.cfc?method=handle [evt_1TZKkSDg8q5PBa98R5JDyaOb]
2026-05-20 20:46:32   --> payment_method.attached [evt_1TZKkuDg8q5PBa98iLKmmuZc]
2026-05-20 20:46:32   --> setup_intent.succeeded [evt_1TZKkuDg8q5PBa98sr6GXMCP]
2026-05-20 20:46:32  <--  [404] POST http://localhost:8500/fpw/api/v1/stripeWebhook.cfc?method=handle [evt_1TZKkuDg8q5PBa98iLKmmuZc]
2026-05-20 20:46:32  <--  [404] POST http://localhost:8500/fpw/api/v1/stripeWebhook.cfc?method=handle [evt_1TZKkuDg8q5PBa98sr6GXMCP]
2026-05-20 20:46:34   --> customer.subscription.updated [evt_1TZKkvDg8q5PBa98w4bf7vgV]
2026-05-20 20:46:34  <--  [404] POST http://localhost:8500/fpw/api/v1/stripeWebhook.cfc?method=handle [evt_1TZKkvDg8q5PBa98w4bf7vgV]
2026-05-20 20:46:34   --> customer.updated [evt_1TZKkvDg8q5PBa9831bANIfk]
2026-05-20 20:46:34  <--  [404] POST http://localhost:8500/fpw/api/v1/stripeWebhook.cfc?method=handle [evt_1TZKkvDg8q5PBa9831bANIfk]
2026-05-20 22:13:57   --> invoice.payment_succeeded [evt_1TZM7VDg8q5PBa98hfIA5zg9]
2026-05-20 22:13:57   --> invoice.created [evt_1TZM7VDg8q5PBa98uMZgId5Q]
2026-05-20 22:13:57   --> checkout.session.completed [evt_1TZM7VDg8q5PBa98tCPMq2EI]
2026-05-20 22:13:57   --> invoice.finalized [evt_1TZM7VDg8q5PBa98E3ryqfos]
2026-05-20 22:13:57   --> invoice.paid [evt_1TZM7VDg8q5PBa9864qsXCNG]
2026-05-20 22:13:57   --> customer.created [evt_1TZM7VDg8q5PBa98Kwl31Cm6]
2026-05-20 22:13:57  <--  [200] POST http://localhost:8500/fpw/api/v1/stripeWebhook.cfc?method=handle [evt_1TZM7VDg8q5PBa9864qsXCNG]
2026-05-20 22:13:57  <--  [200] POST http://localhost:8500/fpw/api/v1/stripeWebhook.cfc?method=handle [evt_1TZM7VDg8q5PBa98uMZgId5Q]
2026-05-20 22:13:57  <--  [200] POST http://localhost:8500/fpw/api/v1/stripeWebhook.cfc?method=handle [evt_1TZM7VDg8q5PBa98E3ryqfos]
2026-05-20 22:13:57  <--  [200] POST http://localhost:8500/fpw/api/v1/stripeWebhook.cfc?method=handle [evt_1TZM7VDg8q5PBa98tCPMq2EI]
2026-05-20 22:13:57  <--  [200] POST http://localhost:8500/fpw/api/v1/stripeWebhook.cfc?method=handle [evt_1TZM7VDg8q5PBa98Kwl31Cm6]
2026-05-20 22:13:57  <--  [200] POST http://localhost:8500/fpw/api/v1/stripeWebhook.cfc?method=handle [evt_1TZM7VDg8q5PBa98hfIA5zg9]
2026-05-20 22:13:57   --> customer.updated [evt_1TZM7VDg8q5PBa98vLZ2oQvq]
2026-05-20 22:13:57  <--  [200] POST http://localhost:8500/fpw/api/v1/stripeWebhook.cfc?method=handle [evt_1TZM7VDg8q5PBa98vLZ2oQvq]
2026-05-20 22:13:58   --> customer.subscription.created [evt_1TZM7VDg8q5PBa98qtgS9Qdb]
2026-05-20 22:13:58  <--  [200] POST http://localhost:8500/fpw/api/v1/stripeWebhook.cfc?method=handle [evt_1TZM7VDg8q5PBa98qtgS9Qdb]
2026-05-21 00:00:08   --> invoice.finalized [evt_1TZNmGDg8q5PBa98rCek3sPP]
2026-05-21 00:00:08  <--  [200] POST http://localhost:8500/fpw/api/v1/stripeWebhook.cfc?method=handle [evt_1TZNmGDg8q5PBa98rCek3sPP]
2026-05-21 00:00:08   --> invoice.paid [evt_1TZNmGDg8q5PBa98fiLScFGj]
2026-05-21 00:00:08  <--  [200] POST http://localhost:8500/fpw/api/v1/stripeWebhook.cfc?method=handle [evt_1TZNmGDg8q5PBa98fiLScFGj]
2026-05-21 00:00:09   --> customer.created [evt_1TZNmGDg8q5PBa98W8f60quM]
2026-05-21 00:00:09   --> checkout.session.completed [evt_1TZNmGDg8q5PBa98LSbY2M3O]
2026-05-21 00:00:09  <--  [200] POST http://localhost:8500/fpw/api/v1/stripeWebhook.cfc?method=handle [evt_1TZNmGDg8q5PBa98W8f60quM]
2026-05-21 00:00:09  <--  [200] POST http://localhost:8500/fpw/api/v1/stripeWebhook.cfc?method=handle [evt_1TZNmGDg8q5PBa98LSbY2M3O]
2026-05-21 00:00:09   --> customer.updated [evt_1TZNmGDg8q5PBa98yBk1dgwN]
2026-05-21 00:00:09  <--  [200] POST http://localhost:8500/fpw/api/v1/stripeWebhook.cfc?method=handle [evt_1TZNmGDg8q5PBa98yBk1dgwN]
2026-05-21 00:00:09   --> customer.subscription.created [evt_1TZNmHDg8q5PBa98BvmgHQ9E]
2026-05-21 00:00:09  <--  [200] POST http://localhost:8500/fpw/api/v1/stripeWebhook.cfc?method=handle [evt_1TZNmHDg8q5PBa98BvmgHQ9E]
2026-05-21 00:00:09   --> invoice.created [evt_1TZNmHDg8q5PBa98CAoA7NWD]
2026-05-21 00:00:09  <--  [200] POST http://localhost:8500/fpw/api/v1/stripeWebhook.cfc?method=handle [evt_1TZNmHDg8q5PBa98CAoA7NWD]
2026-05-21 00:00:09   --> invoice.payment_succeeded [evt_1TZNmHDg8q5PBa98lP6HodVH]
2026-05-21 00:00:09  <--  [200] POST http://localhost:8500/fpw/api/v1/stripeWebhook.cfc?method=handle [evt_1TZNmHDg8q5PBa98lP6HodVH]
2026-05-21 01:42:28   --> invoice.finalized [evt_1TZPNIDg8q5PBa98ZmjFOjO9]
2026-05-21 01:42:28   --> checkout.session.completed [evt_1TZPNIDg8q5PBa98KwA6ih3V]
2026-05-21 01:42:28  <--  [200] POST http://localhost:8500/fpw/api/v1/stripeWebhook.cfc?method=handle [evt_1TZPNIDg8q5PBa98ZmjFOjO9]
2026-05-21 01:42:28  <--  [200] POST http://localhost:8500/fpw/api/v1/stripeWebhook.cfc?method=handle [evt_1TZPNIDg8q5PBa98KwA6ih3V]
2026-05-21 01:42:28   --> invoice.paid [evt_1TZPNIDg8q5PBa98xGdKxrMf]
2026-05-21 01:42:29  <--  [200] POST http://localhost:8500/fpw/api/v1/stripeWebhook.cfc?method=handle [evt_1TZPNIDg8q5PBa98xGdKxrMf]
2026-05-21 01:42:29   --> customer.created [evt_1TZPNIDg8q5PBa98PWDJBtFu]
2026-05-21 01:42:29   --> customer.updated [evt_1TZPNIDg8q5PBa98Yni2q3Ou]
2026-05-21 01:42:29  <--  [200] POST http://localhost:8500/fpw/api/v1/stripeWebhook.cfc?method=handle [evt_1TZPNIDg8q5PBa98PWDJBtFu]
2026-05-21 01:42:29  <--  [200] POST http://localhost:8500/fpw/api/v1/stripeWebhook.cfc?method=handle [evt_1TZPNIDg8q5PBa98Yni2q3Ou]
2026-05-21 01:42:29   --> customer.subscription.created [evt_1TZPNJDg8q5PBa986qyRlHVt]
2026-05-21 01:42:29  <--  [200] POST http://localhost:8500/fpw/api/v1/stripeWebhook.cfc?method=handle [evt_1TZPNJDg8q5PBa986qyRlHVt]
2026-05-21 01:42:29   --> invoice.created [evt_1TZPNJDg8q5PBa98Sh8siKvy]
2026-05-21 01:42:29  <--  [200] POST http://localhost:8500/fpw/api/v1/stripeWebhook.cfc?method=handle [evt_1TZPNJDg8q5PBa98Sh8siKvy]
2026-05-21 01:42:29   --> invoice.payment_succeeded [evt_1TZPNJDg8q5PBa98h1BPO7JZ]
2026-05-21 01:42:29  <--  [200] POST http://localhost:8500/fpw/api/v1/stripeWebhook.cfc?method=handle [evt_1TZPNJDg8q5PBa98h1BPO7JZ]
time="Thu, 21 May 2026 01:53:25 EDT" level=error msg="Error when writing ping message: websocket: close sent" prefix=websocket.Client.writePump
2026-05-21 02:19:04   --> invoice.finalized [evt_1TZPwiDg8q5PBa98vKmNK8PJ]
2026-05-21 02:19:04  <--  [200] POST http://localhost:8500/fpw/api/v1/stripeWebhook.cfc?method=handle [evt_1TZPwiDg8q5PBa98vKmNK8PJ]
2026-05-21 02:19:05   --> invoice.paid [evt_1TZPwiDg8q5PBa98ao3256LW]
2026-05-21 02:19:05   --> checkout.session.completed [evt_1TZPwiDg8q5PBa98oQjde0qg]
2026-05-21 02:19:05  <--  [200] POST http://localhost:8500/fpw/api/v1/stripeWebhook.cfc?method=handle [evt_1TZPwiDg8q5PBa98ao3256LW]
2026-05-21 02:19:05  <--  [200] POST http://localhost:8500/fpw/api/v1/stripeWebhook.cfc?method=handle [evt_1TZPwiDg8q5PBa98oQjde0qg]
2026-05-21 02:19:05   --> customer.created [evt_1TZPwiDg8q5PBa988rkSiwnE]
2026-05-21 02:19:05   --> customer.updated [evt_1TZPwiDg8q5PBa98L407owjP]
2026-05-21 02:19:05  <--  [200] POST http://localhost:8500/fpw/api/v1/stripeWebhook.cfc?method=handle [evt_1TZPwiDg8q5PBa988rkSiwnE]
2026-05-21 02:19:05  <--  [200] POST http://localhost:8500/fpw/api/v1/stripeWebhook.cfc?method=handle [evt_1TZPwiDg8q5PBa98L407owjP]
2026-05-21 02:19:05   --> customer.subscription.created [evt_1TZPwjDg8q5PBa98mJ9N3WE1]
2026-05-21 02:19:05  <--  [200] POST http://localhost:8500/fpw/api/v1/stripeWebhook.cfc?method=handle [evt_1TZPwjDg8q5PBa98mJ9N3WE1]
2026-05-21 02:19:05   --> invoice.created [evt_1TZPwjDg8q5PBa98YmgjgcyY]
2026-05-21 02:19:05   --> invoice.payment_succeeded [evt_1TZPwjDg8q5PBa981Gmp4Ami]
2026-05-21 02:19:05  <--  [200] POST http://localhost:8500/fpw/api/v1/stripeWebhook.cfc?method=handle [evt_1TZPwjDg8q5PBa98YmgjgcyY]
2026-05-21 02:19:05  <--  [200] POST http://localhost:8500/fpw/api/v1/stripeWebhook.cfc?method=handle [evt_1TZPwjDg8q5PBa981Gmp4Ami]
time="Thu, 21 May 2026 02:33:20 EDT" level=error msg="Error when writing ping message: websocket: close sent" prefix=websocket.Client.writePump
2026-05-21 02:47:41   --> checkout.session.completed [evt_1TZQOPDg8q5PBa98zNVpkCUA]
2026-05-21 02:47:41   --> invoice.finalized [evt_1TZQOPDg8q5PBa98Ur3IY0BO]
2026-05-21 02:47:41  <--  [200] POST http://localhost:8500/fpw/api/v1/stripeWebhook.cfc?method=handle [evt_1TZQOPDg8q5PBa98Ur3IY0BO]
2026-05-21 02:47:41  <--  [200] POST http://localhost:8500/fpw/api/v1/stripeWebhook.cfc?method=handle [evt_1TZQOPDg8q5PBa98zNVpkCUA]
2026-05-21 02:47:41   --> customer.created [evt_1TZQOPDg8q5PBa98E5zCZO6g]
2026-05-21 02:47:41  <--  [200] POST http://localhost:8500/fpw/api/v1/stripeWebhook.cfc?method=handle [evt_1TZQOPDg8q5PBa98E5zCZO6g]
2026-05-21 02:47:41   --> invoice.paid [evt_1TZQOPDg8q5PBa98CjoIQKrg]
2026-05-21 02:47:41  <--  [200] POST http://localhost:8500/fpw/api/v1/stripeWebhook.cfc?method=handle [evt_1TZQOPDg8q5PBa98CjoIQKrg]
2026-05-21 02:47:41   --> customer.updated [evt_1TZQOPDg8q5PBa988H7EQ9Yv]
2026-05-21 02:47:41  <--  [200] POST http://localhost:8500/fpw/api/v1/stripeWebhook.cfc?method=handle [evt_1TZQOPDg8q5PBa988H7EQ9Yv]
2026-05-21 02:47:41   --> customer.subscription.created [evt_1TZQOPDg8q5PBa98x7RAJTUS]
2026-05-21 02:47:41  <--  [200] POST http://localhost:8500/fpw/api/v1/stripeWebhook.cfc?method=handle [evt_1TZQOPDg8q5PBa98x7RAJTUS]
2026-05-21 02:47:41   --> invoice.payment_succeeded [evt_1TZQOPDg8q5PBa98Hd0OCrar]
2026-05-21 02:47:41  <--  [200] POST http://localhost:8500/fpw/api/v1/stripeWebhook.cfc?method=handle [evt_1TZQOPDg8q5PBa98Hd0OCrar]
2026-05-21 02:47:41   --> invoice.created [evt_1TZQOPDg8q5PBa981N3TjRxT]
2026-05-21 02:47:41  <--  [200] POST http://localhost:8500/fpw/api/v1/stripeWebhook.cfc?method=handle [evt_1TZQOPDg8q5PBa981N3TjRxT]
2026-05-21 10:36:34   --> customer.created [evt_1TZXiADg8q5PBa98jlanpSKU]
2026-05-21 10:36:34  <--  [500] POST http://localhost:8500/fpw/api/v1/stripeWebhook.cfc?method=handle [evt_1TZXiADg8q5PBa98jlanpSKU]
2026-05-21 10:36:36   --> invoice.finalized [evt_1TZXiBDg8q5PBa98PbRYgdnp]
2026-05-21 10:36:36  <--  [500] POST http://localhost:8500/fpw/api/v1/stripeWebhook.cfc?method=handle [evt_1TZXiBDg8q5PBa98PbRYgdnp]
2026-05-21 10:36:36   --> customer.updated [evt_1TZXiCDg8q5PBa98SRhyReHL]
2026-05-21 10:36:36  <--  [500] POST http://localhost:8500/fpw/api/v1/stripeWebhook.cfc?method=handle [evt_1TZXiCDg8q5PBa98SRhyReHL]
2026-05-21 10:36:36   --> customer.subscription.created [evt_1TZXiCDg8q5PBa98vSeFLNnz]
2026-05-21 10:36:36  <--  [500] POST http://localhost:8500/fpw/api/v1/stripeWebhook.cfc?method=handle [evt_1TZXiCDg8q5PBa98vSeFLNnz]
2026-05-21 10:36:36   --> invoice.created [evt_1TZXiCDg8q5PBa98ucqUKu9n]
2026-05-21 10:36:36  <--  [500] POST http://localhost:8500/fpw/api/v1/stripeWebhook.cfc?method=handle [evt_1TZXiCDg8q5PBa98ucqUKu9n]
2026-05-21 10:36:36   --> invoice.payment_succeeded [evt_1TZXiCDg8q5PBa98syrI8xD6]
2026-05-21 10:36:36   --> setup_intent.created [evt_1TZXiBDg8q5PBa98SH8qvpJb]
2026-05-21 10:36:36  <--  [200] POST http://localhost:8500/fpw/api/v1/stripeWebhook.cfc?method=handle [evt_1TZXiBDg8q5PBa98SH8qvpJb]
2026-05-21 10:36:36  <--  [200] POST http://localhost:8500/fpw/api/v1/stripeWebhook.cfc?method=handle [evt_1TZXiCDg8q5PBa98syrI8xD6]
2026-05-21 10:36:36   --> invoice.paid [evt_1TZXiCDg8q5PBa98qlMhxhYx]
2026-05-21 10:36:36  <--  [200] POST http://localhost:8500/fpw/api/v1/stripeWebhook.cfc?method=handle [evt_1TZXiCDg8q5PBa98qlMhxhYx]
2026-05-21 10:39:36   --> invoice.finalized [evt_1TZXl6Dg8q5PBa98n8AkFfJj]
2026-05-21 10:39:36   --> invoice.paid [evt_1TZXl6Dg8q5PBa98QZAmULRS]
2026-05-21 10:39:36  <--  [200] POST http://localhost:8500/fpw/api/v1/stripeWebhook.cfc?method=handle [evt_1TZXl6Dg8q5PBa98n8AkFfJj]
2026-05-21 10:39:36  <--  [200] POST http://localhost:8500/fpw/api/v1/stripeWebhook.cfc?method=handle [evt_1TZXl6Dg8q5PBa98QZAmULRS]
2026-05-21 10:39:36   --> checkout.session.completed [evt_1TZXl6Dg8q5PBa98OnNdQJTo]
2026-05-21 10:39:36  <--  [200] POST http://localhost:8500/fpw/api/v1/stripeWebhook.cfc?method=handle [evt_1TZXl6Dg8q5PBa98OnNdQJTo]
2026-05-21 10:39:36   --> customer.created [evt_1TZXl6Dg8q5PBa98A7oxsvT5]
2026-05-21 10:39:36  <--  [200] POST http://localhost:8500/fpw/api/v1/stripeWebhook.cfc?method=handle [evt_1TZXl6Dg8q5PBa98A7oxsvT5]
2026-05-21 10:39:37   --> customer.subscription.created [evt_1TZXl6Dg8q5PBa98ZCxnctQt]
2026-05-21 10:39:37   --> invoice.created [evt_1TZXl6Dg8q5PBa982i04ZrWq]
2026-05-21 10:39:37  <--  [200] POST http://localhost:8500/fpw/api/v1/stripeWebhook.cfc?method=handle [evt_1TZXl6Dg8q5PBa98ZCxnctQt]
2026-05-21 10:39:37  <--  [200] POST http://localhost:8500/fpw/api/v1/stripeWebhook.cfc?method=handle [evt_1TZXl6Dg8q5PBa982i04ZrWq]
2026-05-21 10:39:37   --> invoice.payment_succeeded [evt_1TZXl7Dg8q5PBa9844YGjZsw]
2026-05-21 10:39:37  <--  [200] POST http://localhost:8500/fpw/api/v1/stripeWebhook.cfc?method=handle [evt_1TZXl7Dg8q5PBa9844YGjZsw]
2026-05-21 10:39:37   --> customer.updated [evt_1TZXl6Dg8q5PBa98LUTveoqE]
2026-05-21 10:39:37  <--  [200] POST http://localhost:8500/fpw/api/v1/stripeWebhook.cfc?method=handle [evt_1TZXl6Dg8q5PBa98LUTveoqE]
2026-05-21 10:39:48   --> billing_portal.session.created [evt_1TZXlIDg8q5PBa98vMKyLNXM]
2026-05-21 10:39:48  <--  [200] POST http://localhost:8500/fpw/api/v1/stripeWebhook.cfc?method=handle [evt_1TZXlIDg8q5PBa98vMKyLNXM]
2026-05-21 10:39:54   --> setup_intent.created [evt_1TZXlNDg8q5PBa98HksIfyJy]
2026-05-21 10:39:54  <--  [200] POST http://localhost:8500/fpw/api/v1/stripeWebhook.cfc?method=handle [evt_1TZXlNDg8q5PBa98HksIfyJy]
2026-05-21 10:40:02   --> payment_method.attached [evt_1TZXlWDg8q5PBa98T6DqgNh1]
2026-05-21 10:40:02  <--  [200] POST http://localhost:8500/fpw/api/v1/stripeWebhook.cfc?method=handle [evt_1TZXlWDg8q5PBa98T6DqgNh1]
2026-05-21 10:40:02   --> setup_intent.succeeded [evt_1TZXlWDg8q5PBa98QrzA3JWO]
2026-05-21 10:40:02  <--  [200] POST http://localhost:8500/fpw/api/v1/stripeWebhook.cfc?method=handle [evt_1TZXlWDg8q5PBa98QrzA3JWO]
2026-05-21 10:40:04   --> customer.subscription.updated [evt_1TZXlXDg8q5PBa98zuHc7jJQ]
2026-05-21 10:40:04  <--  [200] POST http://localhost:8500/fpw/api/v1/stripeWebhook.cfc?method=handle [evt_1TZXlXDg8q5PBa98zuHc7jJQ]
2026-05-21 10:40:04   --> customer.updated [evt_1TZXlYDg8q5PBa9876ByVbQX]
2026-05-21 10:40:04  <--  [200] POST http://localhost:8500/fpw/api/v1/stripeWebhook.cfc?method=handle [evt_1TZXlYDg8q5PBa9876ByVbQX]
2026-05-21 10:47:11   --> checkout.session.expired [evt_1TZXsRDg8q5PBa98muHkHWcR]
2026-05-21 10:47:11  <--  [200] POST http://localhost:8500/fpw/api/v1/stripeWebhook.cfc?method=handle [evt_1TZXsRDg8q5PBa98muHkHWcR]
2026-05-21 10:54:07   --> billing_portal.session.created [evt_1TZXz9Dg8q5PBa98xMt357zq]
2026-05-21 10:54:07  <--  [200] POST http://localhost:8500/fpw/api/v1/stripeWebhook.cfc?method=handle [evt_1TZXz9Dg8q5PBa98xMt357zq]
2026-05-21 11:06:13   --> checkout.session.completed [evt_1TZYAqDg8q5PBa98ckCq8yey]
2026-05-21 11:06:13   --> invoice.finalized [evt_1TZYAqDg8q5PBa98AKTqmK5C]
2026-05-21 11:06:13  <--  [200] POST http://localhost:8500/fpw/api/v1/stripeWebhook.cfc?method=handle [evt_1TZYAqDg8q5PBa98AKTqmK5C]
2026-05-21 11:06:13  <--  [200] POST http://localhost:8500/fpw/api/v1/stripeWebhook.cfc?method=handle [evt_1TZYAqDg8q5PBa98ckCq8yey]
2026-05-21 11:06:13   --> customer.created [evt_1TZYAqDg8q5PBa98kUsXG2HE]
2026-05-21 11:06:13  <--  [200] POST http://localhost:8500/fpw/api/v1/stripeWebhook.cfc?method=handle [evt_1TZYAqDg8q5PBa98kUsXG2HE]
2026-05-21 11:06:13   --> customer.updated [evt_1TZYArDg8q5PBa98bJH4eSAa]
2026-05-21 11:06:13  <--  [200] POST http://localhost:8500/fpw/api/v1/stripeWebhook.cfc?method=handle [evt_1TZYArDg8q5PBa98bJH4eSAa]
2026-05-21 11:06:13   --> customer.subscription.created [evt_1TZYArDg8q5PBa98mmiq5npU]
2026-05-21 11:06:13   --> invoice.created [evt_1TZYArDg8q5PBa988DGaPHxp]
2026-05-21 11:06:13  <--  [200] POST http://localhost:8500/fpw/api/v1/stripeWebhook.cfc?method=handle [evt_1TZYArDg8q5PBa988DGaPHxp]
2026-05-21 11:06:13  <--  [200] POST http://localhost:8500/fpw/api/v1/stripeWebhook.cfc?method=handle [evt_1TZYArDg8q5PBa98mmiq5npU]
2026-05-21 11:06:13   --> invoice.paid [evt_1TZYAqDg8q5PBa98zoDB0mp4]
2026-05-21 11:06:13  <--  [200] POST http://localhost:8500/fpw/api/v1/stripeWebhook.cfc?method=handle [evt_1TZYAqDg8q5PBa98zoDB0mp4]
2026-05-21 11:06:13   --> invoice.payment_succeeded [evt_1TZYArDg8q5PBa98nQbyyfTe]
2026-05-21 11:06:13  <--  [200] POST http://localhost:8500/fpw/api/v1/stripeWebhook.cfc?method=handle [evt_1TZYArDg8q5PBa98nQbyyfTe]
2026-05-21 11:49:28   --> invoice.finalized [evt_1TZYqiDg8q5PBa98yvMptUeq]
2026-05-21 11:49:28  <--  [200] POST http://localhost:8500/fpw/api/v1/stripeWebhook.cfc?method=handle [evt_1TZYqiDg8q5PBa98yvMptUeq]
2026-05-21 11:49:28   --> checkout.session.completed [evt_1TZYqiDg8q5PBa98PXOuDfNJ]
2026-05-21 11:49:28  <--  [200] POST http://localhost:8500/fpw/api/v1/stripeWebhook.cfc?method=handle [evt_1TZYqiDg8q5PBa98PXOuDfNJ]
2026-05-21 11:49:28   --> customer.created [evt_1TZYqiDg8q5PBa98X3xpWCKT]
2026-05-21 11:49:28  <--  [200] POST http://localhost:8500/fpw/api/v1/stripeWebhook.cfc?method=handle [evt_1TZYqiDg8q5PBa98X3xpWCKT]
2026-05-21 11:49:28   --> invoice.paid [evt_1TZYqiDg8q5PBa98frvzQQCj]
2026-05-21 11:49:28  <--  [200] POST http://localhost:8500/fpw/api/v1/stripeWebhook.cfc?method=handle [evt_1TZYqiDg8q5PBa98frvzQQCj]
2026-05-21 11:49:28   --> customer.updated [evt_1TZYqiDg8q5PBa98sSxlsu47]
2026-05-21 11:49:28  <--  [200] POST http://localhost:8500/fpw/api/v1/stripeWebhook.cfc?method=handle [evt_1TZYqiDg8q5PBa98sSxlsu47]
2026-05-21 11:49:28   --> customer.subscription.created [evt_1TZYqiDg8q5PBa98lq57x8EQ]
2026-05-21 11:49:28  <--  [200] POST http://localhost:8500/fpw/api/v1/stripeWebhook.cfc?method=handle [evt_1TZYqiDg8q5PBa98lq57x8EQ]
2026-05-21 11:49:29   --> invoice.created [evt_1TZYqiDg8q5PBa98j4nnyqBB]
2026-05-21 11:49:29  <--  [200] POST http://localhost:8500/fpw/api/v1/stripeWebhook.cfc?method=handle [evt_1TZYqiDg8q5PBa98j4nnyqBB]
2026-05-21 11:49:29   --> invoice.payment_succeeded [evt_1TZYqiDg8q5PBa98HxnqVjCu]
2026-05-21 11:49:29  <--  [200] POST http://localhost:8500/fpw/api/v1/stripeWebhook.cfc?method=handle [evt_1TZYqiDg8q5PBa98HxnqVjCu]
2026-05-21 12:03:52   --> billing_portal.session.created [evt_1TZZ4dDg8q5PBa9871Wz2TmF]
2026-05-21 12:03:52  <--  [200] POST http://localhost:8500/fpw/api/v1/stripeWebhook.cfc?method=handle [evt_1TZZ4dDg8q5PBa9871Wz2TmF]
2026-05-21 12:03:57   --> setup_intent.created [evt_1TZZ4jDg8q5PBa98YEkQGuxI]
2026-05-21 12:03:57  <--  [200] POST http://localhost:8500/fpw/api/v1/stripeWebhook.cfc?method=handle [evt_1TZZ4jDg8q5PBa98YEkQGuxI]
2026-05-21 12:04:07   --> payment_method.attached [evt_1TZZ4tDg8q5PBa989OoxOt34]
2026-05-21 12:04:07  <--  [200] POST http://localhost:8500/fpw/api/v1/stripeWebhook.cfc?method=handle [evt_1TZZ4tDg8q5PBa989OoxOt34]
2026-05-21 12:04:07   --> setup_intent.succeeded [evt_1TZZ4tDg8q5PBa98vzeCC4vE]
2026-05-21 12:04:07  <--  [200] POST http://localhost:8500/fpw/api/v1/stripeWebhook.cfc?method=handle [evt_1TZZ4tDg8q5PBa98vzeCC4vE]
2026-05-21 12:04:09   --> customer.subscription.updated [evt_1TZZ4vDg8q5PBa984n5A5ae0]
2026-05-21 12:04:09  <--  [200] POST http://localhost:8500/fpw/api/v1/stripeWebhook.cfc?method=handle [evt_1TZZ4vDg8q5PBa984n5A5ae0]
2026-05-21 12:04:09   --> customer.updated [evt_1TZZ4vDg8q5PBa988y2C3CLm]
2026-05-21 12:04:09  <--  [200] POST http://localhost:8500/fpw/api/v1/stripeWebhook.cfc?method=handle [evt_1TZZ4vDg8q5PBa988y2C3CLm]
time="Thu, 21 May 2026 13:27:43 EDT" level=error msg="Error when writing ping message: websocket: close sent" prefix=websocket.Client.writePump
time="Thu, 21 May 2026 13:35:42 EDT" level=error msg="Error when writing ping message: websocket: close sent" prefix=websocket.Client.writePump
2026-05-21 16:32:45   --> billing_portal.session.created [evt_1TZdGqDg8q5PBa98xaeqV33Y]
2026-05-21 16:32:45  <--  [200] POST http://localhost:8500/fpw/api/v1/stripeWebhook.cfc?method=handle [evt_1TZdGqDg8q5PBa98xaeqV33Y]
time="Thu, 21 May 2026 17:07:15 EDT" level=error msg="Error when writing ping message: websocket: close sent" prefix=websocket.Client.writePump
2026-05-21 17:58:37   --> checkout.session.expired [evt_1TZebxDg8q5PBa986hCNueW5]
2026-05-21 17:58:37  <--  [200] POST http://localhost:8500/fpw/api/v1/stripeWebhook.cfc?method=handle [evt_1TZebxDg8q5PBa986hCNueW5]
2026-05-21 19:48:32   --> invoice.finalized [evt_1TZgKKDg8q5PBa98MwRwnC2t]
2026-05-21 19:48:32  <--  [200] POST http://localhost:8500/fpw/api/v1/stripeWebhook.cfc?method=handle [evt_1TZgKKDg8q5PBa98MwRwnC2t]
2026-05-21 19:48:32   --> payment_method.attached [evt_1TZgKKDg8q5PBa98iCyyHHWL]
2026-05-21 19:48:32  <--  [200] POST http://localhost:8500/fpw/api/v1/stripeWebhook.cfc?method=handle [evt_1TZgKKDg8q5PBa98iCyyHHWL]
2026-05-21 19:48:32   --> invoice.paid [evt_1TZgKKDg8q5PBa98krMDrOjI]
2026-05-21 19:48:32  <--  [200] POST http://localhost:8500/fpw/api/v1/stripeWebhook.cfc?method=handle [evt_1TZgKKDg8q5PBa98krMDrOjI]
2026-05-21 19:48:32   --> customer.updated [evt_1TZgKKDg8q5PBa98EdGMCMLc]
2026-05-21 19:48:32  <--  [200] POST http://localhost:8500/fpw/api/v1/stripeWebhook.cfc?method=handle [evt_1TZgKKDg8q5PBa98EdGMCMLc]
2026-05-21 19:48:32   --> customer.created [evt_1TZgKKDg8q5PBa98IwCGsAhQ]
2026-05-21 19:48:32  <--  [200] POST http://localhost:8500/fpw/api/v1/stripeWebhook.cfc?method=handle [evt_1TZgKKDg8q5PBa98IwCGsAhQ]
2026-05-21 19:48:32   --> checkout.session.completed [evt_1TZgKKDg8q5PBa98DfoYbaCO]
2026-05-21 19:48:32  <--  [200] POST http://localhost:8500/fpw/api/v1/stripeWebhook.cfc?method=handle [evt_1TZgKKDg8q5PBa98DfoYbaCO]
2026-05-21 19:48:32   --> customer.subscription.created [evt_1TZgKKDg8q5PBa98Cz7bkZse]
2026-05-21 19:48:32  <--  [200] POST http://localhost:8500/fpw/api/v1/stripeWebhook.cfc?method=handle [evt_1TZgKKDg8q5PBa98Cz7bkZse]
2026-05-21 19:48:33   --> payment_intent.succeeded [evt_3TZgKFDg8q5PBa981pwcsjI4]
2026-05-21 19:48:33   --> payment_intent.created [evt_3TZgKFDg8q5PBa981fbkiPTB]
2026-05-21 19:48:33  <--  [200] POST http://localhost:8500/fpw/api/v1/stripeWebhook.cfc?method=handle [evt_3TZgKFDg8q5PBa981pwcsjI4]
2026-05-21 19:48:33  <--  [200] POST http://localhost:8500/fpw/api/v1/stripeWebhook.cfc?method=handle [evt_3TZgKFDg8q5PBa981fbkiPTB]
2026-05-21 19:48:33   --> charge.succeeded [evt_3TZgKFDg8q5PBa981LJQTOku]
2026-05-21 19:48:33  <--  [200] POST http://localhost:8500/fpw/api/v1/stripeWebhook.cfc?method=handle [evt_3TZgKFDg8q5PBa981LJQTOku]
2026-05-21 19:48:33   --> invoice.created [evt_1TZgKLDg8q5PBa98Zdu82pf2]
2026-05-21 19:48:33   --> invoice.payment_succeeded [evt_1TZgKLDg8q5PBa98ZdLyYTgr]
2026-05-21 19:48:33  <--  [200] POST http://localhost:8500/fpw/api/v1/stripeWebhook.cfc?method=handle [evt_1TZgKLDg8q5PBa98Zdu82pf2]
2026-05-21 19:48:33  <--  [200] POST http://localhost:8500/fpw/api/v1/stripeWebhook.cfc?method=handle [evt_1TZgKLDg8q5PBa98ZdLyYTgr]
2026-05-21 19:49:01   --> invoice_payment.paid [evt_1TZgKmDg8q5PBa98SOIQpGlg]
2026-05-21 19:49:01  <--  [200] POST http://localhost:8500/fpw/api/v1/stripeWebhook.cfc?method=handle [evt_1TZgKmDg8q5PBa98SOIQpGlg]
2026-05-21 20:07:23   --> checkout.session.expired [evt_1TZgcZDg8q5PBa98ogQNpwMt]
2026-05-21 20:07:23  <--  [200] POST http://localhost:8500/fpw/api/v1/stripeWebhook.cfc?method=handle [evt_1TZgcZDg8q5PBa98ogQNpwMt]
2026-05-21 21:27:47   --> checkout.session.expired [evt_1TZhsNDg8q5PBa98ewn43qb4]
2026-05-21 21:27:47  <--  [200] POST http://localhost:8500/fpw/api/v1/stripeWebhook.cfc?method=handle [evt_1TZhsNDg8q5PBa98ewn43qb4]
2026-05-21 21:28:19   --> checkout.session.expired [evt_1TZhstDg8q5PBa9813RTZ7Ch]
2026-05-21 21:28:19  <--  [200] POST http://localhost:8500/fpw/api/v1/stripeWebhook.cfc?method=handle [evt_1TZhstDg8q5PBa9813RTZ7Ch]
2026-05-21 21:31:15   --> billing_portal.session.created [evt_1TZhvjDg8q5PBa987mnwxErO]
2026-05-21 21:31:15  <--  [200] POST http://localhost:8500/fpw/api/v1/stripeWebhook.cfc?method=handle [evt_1TZhvjDg8q5PBa987mnwxErO]
2026-05-21 21:31:25   --> customer.subscription.updated [evt_1TZhvtDg8q5PBa98QU7vdlWw]
2026-05-21 21:31:25  <--  [200] POST http://localhost:8500/fpw/api/v1/stripeWebhook.cfc?method=handle [evt_1TZhvtDg8q5PBa98QU7vdlWw]
2026-05-21 21:31:36   --> customer.subscription.updated [evt_1TZhw4Dg8q5PBa984OQHuoxX]
2026-05-21 21:31:36  <--  [200] POST http://localhost:8500/fpw/api/v1/stripeWebhook.cfc?method=handle [evt_1TZhw4Dg8q5PBa984OQHuoxX]
time="Thu, 21 May 2026 21:54:33 EDT" level=error msg="Error when writing ping message: websocket: close sent" prefix=websocket.Client.writePump
time="Fri, 22 May 2026 03:49:45 EDT" level=error msg="Error when writing ping message: websocket: close sent" prefix=websocket.Client.writePump
time="Fri, 22 May 2026 06:01:25 EDT" level=error msg="Error when writing ping message: websocket: close sent" prefix=websocket.Client.writePump
time="Fri, 22 May 2026 10:00:50 EDT" level=error msg="Error when writing ping message: websocket: close sent" prefix=websocket.Client.writePump
time="Fri, 22 May 2026 10:08:49 EDT" level=error msg="Error when writing ping message: websocket: close sent" prefix=websocket.Client.writePump
2026-05-22 10:17:45   --> checkout.session.expired [evt_1TZttVDg8q5PBa983EH6SUsc]
2026-05-22 10:17:45  <--  [200] POST http://localhost:8500/fpw/api/v1/stripeWebhook.cfc?method=handle [evt_1TZttVDg8q5PBa983EH6SUsc]
2026-05-22 10:18:21   --> checkout.session.expired [evt_1TZtu5Dg8q5PBa98QUwIns6Y]
2026-05-22 10:18:21  <--  [200] POST http://localhost:8500/fpw/api/v1/stripeWebhook.cfc?method=handle [evt_1TZtu5Dg8q5PBa98QUwIns6Y]
2026-05-22 10:24:32   --> checkout.session.expired [evt_1TZu04Dg8q5PBa98oGfNYOdJ]
2026-05-22 10:24:32  <--  [200] POST http://localhost:8500/fpw/api/v1/stripeWebhook.cfc?method=handle [evt_1TZu04Dg8q5PBa98oGfNYOdJ]
2026-05-22 10:25:05   --> checkout.session.expired [evt_1TZu0bDg8q5PBa98Wls7OAiI]
2026-05-22 10:25:05  <--  [200] POST http://localhost:8500/fpw/api/v1/stripeWebhook.cfc?method=handle [evt_1TZu0bDg8q5PBa98Wls7OAiI]
2026-05-22 10:52:05   --> checkout.session.expired [evt_1TZuQjDg8q5PBa98pdUy58w5]
2026-05-22 10:52:05  <--  [200] POST http://localhost:8500/fpw/api/v1/stripeWebhook.cfc?method=handle [evt_1TZuQjDg8q5PBa98pdUy58w5]
2026-05-22 10:52:21   --> checkout.session.expired [evt_1TZuQzDg8q5PBa98rSEe4mTO]
2026-05-22 10:52:21  <--  [200] POST http://localhost:8500/fpw/api/v1/stripeWebhook.cfc?method=handle [evt_1TZuQzDg8q5PBa98rSEe4mTO]
time="Fri, 22 May 2026 14:20:15 EDT" level=error msg="Error when writing ping message: websocket: close sent" prefix=websocket.Client.writePump
time="Fri, 22 May 2026 16:59:52 EDT" level=error msg="Error when writing ping message: websocket: close sent" prefix=websocket.Client.writePump
time="Fri, 22 May 2026 21:35:15 EDT" level=error msg="Error when writing ping message: websocket: close sent" prefix=websocket.Client.writePump

Checking for new versions...

A newer version of the Stripe CLI is available, please update to: v1.41.2
Getting ready...
Ready! You are using Stripe API Version [2026-03-25.dahlia]. Your webhook signing secret is [REDACTED_WHSEC] (^C to quit)
2026-05-22 22:18:01   --> invoice.finalized [evt_1Ta58XDg8q5PBa98EKKGeDWH]
2026-05-22 22:18:01  <--  [200] POST http://localhost:8500/fpw/api/v1/stripeWebhook.cfc?method=handle [evt_1Ta58XDg8q5PBa98EKKGeDWH]
2026-05-22 22:18:01   --> invoice.paid [evt_1Ta58XDg8q5PBa988V3FR91r]
2026-05-22 22:18:01   --> checkout.session.completed [evt_1Ta58XDg8q5PBa988aSLUw6w]
2026-05-22 22:18:01  <--  [200] POST http://localhost:8500/fpw/api/v1/stripeWebhook.cfc?method=handle [evt_1Ta58XDg8q5PBa988V3FR91r]
2026-05-22 22:18:01   --> customer.created [evt_1Ta58XDg8q5PBa98qJ9Tlk4g]
2026-05-22 22:18:01  <--  [200] POST http://localhost:8500/fpw/api/v1/stripeWebhook.cfc?method=handle [evt_1Ta58XDg8q5PBa988aSLUw6w]
2026-05-22 22:18:01  <--  [200] POST http://localhost:8500/fpw/api/v1/stripeWebhook.cfc?method=handle [evt_1Ta58XDg8q5PBa98qJ9Tlk4g]
2026-05-22 22:18:01   --> customer.updated [evt_1Ta58XDg8q5PBa98xG500R8g]
2026-05-22 22:18:01  <--  [200] POST http://localhost:8500/fpw/api/v1/stripeWebhook.cfc?method=handle [evt_1Ta58XDg8q5PBa98xG500R8g]
2026-05-22 22:18:01   --> customer.subscription.created [evt_1Ta58XDg8q5PBa98b7UIzWjT]
2026-05-22 22:18:01  <--  [200] POST http://localhost:8500/fpw/api/v1/stripeWebhook.cfc?method=handle [evt_1Ta58XDg8q5PBa98b7UIzWjT]
2026-05-22 22:18:01   --> invoice.created [evt_1Ta58XDg8q5PBa98HCZ8SKVh]
2026-05-22 22:18:01  <--  [200] POST http://localhost:8500/fpw/api/v1/stripeWebhook.cfc?method=handle [evt_1Ta58XDg8q5PBa98HCZ8SKVh]
2026-05-22 22:18:02   --> invoice.payment_succeeded [evt_1Ta58YDg8q5PBa98jqLCyfp5]
2026-05-22 22:18:02  <--  [200] POST http://localhost:8500/fpw/api/v1/stripeWebhook.cfc?method=handle [evt_1Ta58YDg8q5PBa98jqLCyfp5]
2026-05-23 00:12:55   --> invoice.finalized [evt_1Ta6vjDg8q5PBa980C5T1mmc]
2026-05-23 00:12:55  <--  [200] POST http://localhost:8500/fpw/api/v1/stripeWebhook.cfc?method=handle [evt_1Ta6vjDg8q5PBa980C5T1mmc]
2026-05-23 00:12:55   --> invoice.paid [evt_1Ta6vjDg8q5PBa98f6oCzsfg]
2026-05-23 00:12:55  <--  [200] POST http://localhost:8500/fpw/api/v1/stripeWebhook.cfc?method=handle [evt_1Ta6vjDg8q5PBa98f6oCzsfg]
2026-05-23 00:12:55   --> checkout.session.completed [evt_1Ta6vjDg8q5PBa98VdgwYT5x]
2026-05-23 00:12:55  <--  [200] POST http://localhost:8500/fpw/api/v1/stripeWebhook.cfc?method=handle [evt_1Ta6vjDg8q5PBa98VdgwYT5x]
2026-05-23 00:12:55   --> customer.created [evt_1Ta6vjDg8q5PBa98U0W2Q36z]
2026-05-23 00:12:55   --> customer.updated [evt_1Ta6vjDg8q5PBa98xMsbiB1c]
2026-05-23 00:12:55   --> customer.subscription.created [evt_1Ta6vjDg8q5PBa98C7MhET76]
2026-05-23 00:12:55  <--  [200] POST http://localhost:8500/fpw/api/v1/stripeWebhook.cfc?method=handle [evt_1Ta6vjDg8q5PBa98U0W2Q36z]
2026-05-23 00:12:55  <--  [200] POST http://localhost:8500/fpw/api/v1/stripeWebhook.cfc?method=handle [evt_1Ta6vjDg8q5PBa98xMsbiB1c]
2026-05-23 00:12:55  <--  [200] POST http://localhost:8500/fpw/api/v1/stripeWebhook.cfc?method=handle [evt_1Ta6vjDg8q5PBa98C7MhET76]
2026-05-23 00:12:55   --> invoice.created [evt_1Ta6vjDg8q5PBa98PdePwiN3]
2026-05-23 00:12:55  <--  [200] POST http://localhost:8500/fpw/api/v1/stripeWebhook.cfc?method=handle [evt_1Ta6vjDg8q5PBa98PdePwiN3]
2026-05-23 00:12:55   --> invoice.payment_succeeded [evt_1Ta6vjDg8q5PBa98cI8IXrlJ]
2026-05-23 00:12:55  <--  [200] POST http://localhost:8500/fpw/api/v1/stripeWebhook.cfc?method=handle [evt_1Ta6vjDg8q5PBa98cI8IXrlJ]
time="Sat, 23 May 2026 03:46:49 EDT" level=error msg="Error when writing ping message: websocket: close sent" prefix=websocket.Client.writePump
time="Sat, 23 May 2026 07:20:35 EDT" level=error msg="Error when writing ping message: websocket: close sent" prefix=websocket.Client.writePump
2026-05-23 12:36:24   --> checkout.session.completed [evt_1TaIXEDg8q5PBa9803YpfmKb]
2026-05-23 12:36:24   --> invoice.paid [evt_1TaIXEDg8q5PBa98e8gDgqvl]
2026-05-23 12:36:24   --> invoice.finalized [evt_1TaIXEDg8q5PBa98Nzhl1LoY]
2026-05-23 12:36:24   --> customer.created [evt_1TaIXEDg8q5PBa98Ns3zsM7q]
2026-05-23 12:36:24   --> customer.updated [evt_1TaIXEDg8q5PBa98ggrLmsdI]
2026-05-23 12:36:24  <--  [200] POST http://localhost:8500/fpw/api/v1/stripeWebhook.cfc?method=handle [evt_1TaIXEDg8q5PBa98Nzhl1LoY]
2026-05-23 12:36:24  <--  [200] POST http://localhost:8500/fpw/api/v1/stripeWebhook.cfc?method=handle [evt_1TaIXEDg8q5PBa98e8gDgqvl]
2026-05-23 12:36:24  <--  [200] POST http://localhost:8500/fpw/api/v1/stripeWebhook.cfc?method=handle [evt_1TaIXEDg8q5PBa98ggrLmsdI]
2026-05-23 12:36:24  <--  [200] POST http://localhost:8500/fpw/api/v1/stripeWebhook.cfc?method=handle [evt_1TaIXEDg8q5PBa9803YpfmKb]
2026-05-23 12:36:24  <--  [200] POST http://localhost:8500/fpw/api/v1/stripeWebhook.cfc?method=handle [evt_1TaIXEDg8q5PBa98Ns3zsM7q]
2026-05-23 12:36:25   --> invoice.created [evt_1TaIXEDg8q5PBa985h2ZSCTl]
2026-05-23 12:36:25  <--  [200] POST http://localhost:8500/fpw/api/v1/stripeWebhook.cfc?method=handle [evt_1TaIXEDg8q5PBa985h2ZSCTl]
2026-05-23 12:36:25   --> invoice.payment_succeeded [evt_1TaIXEDg8q5PBa98iFBtWZle]
2026-05-23 12:36:25  <--  [200] POST http://localhost:8500/fpw/api/v1/stripeWebhook.cfc?method=handle [evt_1TaIXEDg8q5PBa98iFBtWZle]
2026-05-23 12:36:25   --> customer.subscription.created [evt_1TaIXEDg8q5PBa98FN0lZzZ8]
2026-05-23 12:36:25  <--  [200] POST http://localhost:8500/fpw/api/v1/stripeWebhook.cfc?method=handle [evt_1TaIXEDg8q5PBa98FN0lZzZ8]
time="Sat, 23 May 2026 13:19:25 EDT" level=error msg="Error when writing ping message: websocket: close sent" prefix=websocket.Client.writePump
2026-05-23 13:28:47   --> invoice.finalized [evt_1TaJLuDg8q5PBa98UntJmPGf]
2026-05-23 13:28:47   --> invoice.paid [evt_1TaJLvDg8q5PBa98nZsFoZYo]
2026-05-23 13:28:47   --> checkout.session.completed [evt_1TaJLvDg8q5PBa980yRwfbb2]
2026-05-23 13:28:47   --> customer.created [evt_1TaJLvDg8q5PBa98zg4hwIys]
2026-05-23 13:28:47   --> customer.updated [evt_1TaJLvDg8q5PBa98AH42PBxC]
2026-05-23 13:28:47   --> customer.subscription.created [evt_1TaJLvDg8q5PBa98roIrDIgh]
2026-05-23 13:28:47  <--  [200] POST http://localhost:8500/fpw/api/v1/stripeWebhook.cfc?method=handle [evt_1TaJLvDg8q5PBa98zg4hwIys]
2026-05-23 13:28:47  <--  [200] POST http://localhost:8500/fpw/api/v1/stripeWebhook.cfc?method=handle [evt_1TaJLuDg8q5PBa98UntJmPGf]
2026-05-23 13:28:47  <--  [200] POST http://localhost:8500/fpw/api/v1/stripeWebhook.cfc?method=handle [evt_1TaJLvDg8q5PBa980yRwfbb2]
2026-05-23 13:28:47  <--  [200] POST http://localhost:8500/fpw/api/v1/stripeWebhook.cfc?method=handle [evt_1TaJLvDg8q5PBa98AH42PBxC]
2026-05-23 13:28:47  <--  [200] POST http://localhost:8500/fpw/api/v1/stripeWebhook.cfc?method=handle [evt_1TaJLvDg8q5PBa98nZsFoZYo]
2026-05-23 13:28:47  <--  [200] POST http://localhost:8500/fpw/api/v1/stripeWebhook.cfc?method=handle [evt_1TaJLvDg8q5PBa98roIrDIgh]
2026-05-23 13:28:47   --> invoice.payment_succeeded [evt_1TaJLvDg8q5PBa98R3LsLQZj]
2026-05-23 13:28:47  <--  [200] POST http://localhost:8500/fpw/api/v1/stripeWebhook.cfc?method=handle [evt_1TaJLvDg8q5PBa98R3LsLQZj]
2026-05-23 13:28:47   --> invoice.created [evt_1TaJLvDg8q5PBa98evpthDIo]
2026-05-23 13:28:47  <--  [200] POST http://localhost:8500/fpw/api/v1/stripeWebhook.cfc?method=handle [evt_1TaJLvDg8q5PBa98evpthDIo]
2026-05-23 14:56:01   --> billing_portal.session.created [evt_1TaKiLDg8q5PBa98ibBFym38]
2026-05-23 14:56:01  <--  [200] POST http://localhost:8500/fpw/api/v1/stripeWebhook.cfc?method=handle [evt_1TaKiLDg8q5PBa98ibBFym38]
time="Sat, 23 May 2026 17:40:22 EDT" level=error msg="Error when writing ping message: websocket: close sent" prefix=websocket.Client.writePump
2026-05-23 20:28:26   --> billing_portal.session.created [evt_1TaPu2Dg8q5PBa98OLLiYYJC]
2026-05-23 20:28:27  <--  [200] POST http://localhost:8500/fpw/api/v1/stripeWebhook.cfc?method=handle [evt_1TaPu2Dg8q5PBa98OLLiYYJC]
2026-05-23 20:28:32   --> setup_intent.created [evt_1TaPu8Dg8q5PBa985lQIuv6Z]
2026-05-23 20:28:32  <--  [200] POST http://localhost:8500/fpw/api/v1/stripeWebhook.cfc?method=handle [evt_1TaPu8Dg8q5PBa985lQIuv6Z]
2026-05-23 20:29:09   --> payment_method.attached [evt_1TaPujDg8q5PBa98eNJRCHd3]
2026-05-23 20:29:09  <--  [200] POST http://localhost:8500/fpw/api/v1/stripeWebhook.cfc?method=handle [evt_1TaPujDg8q5PBa98eNJRCHd3]
2026-05-23 20:29:09   --> setup_intent.succeeded [evt_1TaPujDg8q5PBa98MXdmnafQ]
2026-05-23 20:29:09  <--  [200] POST http://localhost:8500/fpw/api/v1/stripeWebhook.cfc?method=handle [evt_1TaPujDg8q5PBa98MXdmnafQ]
2026-05-23 20:29:11   --> customer.subscription.updated [evt_1TaPulDg8q5PBa98uv5PSU4O]
2026-05-23 20:29:11  <--  [200] POST http://localhost:8500/fpw/api/v1/stripeWebhook.cfc?method=handle [evt_1TaPulDg8q5PBa98uv5PSU4O]
2026-05-23 20:29:11   --> customer.updated [evt_1TaPulDg8q5PBa98HEtr2pV7]
2026-05-23 20:29:11  <--  [200] POST http://localhost:8500/fpw/api/v1/stripeWebhook.cfc?method=handle [evt_1TaPulDg8q5PBa98HEtr2pV7]
2026-05-23 20:32:56   --> checkout.session.expired [evt_1TaPyODg8q5PBa98nUiHNWMI]
2026-05-23 20:32:56  <--  [200] POST http://localhost:8500/fpw/api/v1/stripeWebhook.cfc?method=handle [evt_1TaPyODg8q5PBa98nUiHNWMI]

